"AphiaID","scientificName","scientificNameMatched","scientificNameWWF","sdm_result","vernacularName","listedIn","annex","note","rank","status","kingdom","phylum","class","order","family","genus","isMarine","isBrackish","isFreshwater","isTerrestrial","gbif_speciesKey","gbif_scientificName"
271422,"Pristis clavata","Pristis clavata","Pristis clavata","available","Dwarf sawfish","NRL","3",NA,"Species","accepted","Animalia","Chordata","Elasmobranchii","Rhinopristiformes","Pristidae",NA,NA,NA,NA,NA,5216282,"Pristis clavata Garman, 1906"
105848,"Pristis pectinata","Pristis pectinata","Pristis pectinata","available","Smalltooth sawfish","NRL","3",NA,"Species","accepted","Animalia","Chordata","Elasmobranchii","Rhinopristiformes","Pristidae",NA,NA,NA,NA,NA,5216292,"Pristis pectinata Latham, 1794"
105849,"Pristis pristis","Pristis pristis","Pristis pristis","available","Largetooth sawfish","NRL","3",NA,"Species","accepted","Animalia","Chordata","Elasmobranchii","Rhinopristiformes","Pristidae",NA,NA,NA,NA,NA,5216276,"Pristis pristis (Linnaeus, 1758)"
105837,"Cetorhinus maximus","Cetorhinus maximus","Cetorhinus maximus","available","Basking shark","NRL","3",NA,"Species","accepted","Animalia","Chordata","Elasmobranchii","Lamniformes","Cetorhinidae",NA,NA,NA,NA,NA,2420726,"Cetorhinus maximus (Gunnerus, 1765)"
105838,"Carcharodon carcharias","Carcharodon carcharias","Carcharodon carcharias","available","White shark","NRL","3",NA,"Species","accepted","Animalia","Chordata","Elasmobranchii","Lamniformes","Lamnidae",NA,NA,NA,NA,NA,2420694,"Carcharodon carcharias (Linnaeus, 1758)"
105912,"Etmopterus pusillus","Etmopterus pusillus","Etmopterus pusillus","available","Smooth lantern shark","NRL","3",NA,"Species","accepted","Animalia","Chordata","Elasmobranchii","Squaliformes","Etmopteridae",NA,NA,NA,NA,NA,2421031,"Etmopterus pusillus (Lowe, 1839)"
1042871,"Mobula alfredi","Manta alfredi","Manta alfredi","available","Reef manta ray","NRL","3",NA,"Species","accepted","Animalia","Chordata","Elasmobranchii","Myliobatiformes","Mobulidae",NA,NA,NA,NA,NA,2419160,"Manta alfredi (Krefft, 1868)"
1026118,"Mobula birostris","Manta birostris","Manta birostris","available","Giant manta ray","NRL","3",NA,"Species","accepted","Animalia","Chordata","Elasmobranchii","Myliobatiformes","Mobulidae",NA,NA,NA,NA,NA,2419163,"Manta birostris (Walbaum, 1792)"
105858,"Mobula mobular","Mobula mobular","Mobula mobular","unavailable","Devil fish","NRL","3",NA,"Species","accepted","Animalia","Chordata","Elasmobranchii","Myliobatiformes","Mobulidae",NA,NA,NA,NA,NA,2419188,"Mobula mobular (Bonnaterre, 1788)"
271483,"Mobula rochebrunei","Mobula rochebrunei","Mobula rochebrunei","unavailable","Lesser Guinean devil ray","NRL","3",NA,"Species","accepted","Animalia","Chordata","Elasmobranchii","Myliobatiformes","Mobulidae",NA,NA,NA,NA,NA,2419224,"Mobula rochebrunei (Vaillant, 1879)"
217430,"Mobula thurstoni","Mobula thurstoni","Mobula thurstoni","unavailable","Smoothtail mobula","NRL","3",NA,"Species","accepted","Animalia","Chordata","Elasmobranchii","Myliobatiformes","Mobulidae",NA,NA,NA,NA,NA,2419218,"Mobula thurstoni (Lloyd, 1908)"
217434,"Mobula eregoodootenkee","Mobula eregoodootenkee","Mobula eregoodootenkee","unavailable","Longhorned mobula","NRL","3",NA,"Species","accepted","Animalia","Chordata","Elasmobranchii","Myliobatiformes","Mobulidae",NA,NA,NA,NA,NA,2419206,"Mobula eregoodootenkee (Bleeker, 1859)"
105859,"Mobula tarapacana","Mobula tarapacana","Mobula tarapacana","unavailable","Chilean devil ray","NRL","3",NA,"Species","accepted","Animalia","Chordata","Elasmobranchii","Myliobatiformes","Mobulidae",NA,NA,NA,NA,NA,2419179,"Mobula tarapacana (Philippi, 1892)"
217436,"Mobula kuhlii","Mobula kuhlii","Mobula kuhlii","unavailable","Shortfin devil ray","NRL","3",NA,"Species","accepted","Animalia","Chordata","Elasmobranchii","Myliobatiformes","Mobulidae",NA,NA,NA,NA,NA,2419221,"Mobula kuhlii (Müller & Henle, 1841)"
158530,"Mobula hypostoma","Mobula hypostoma","Mobula hypostoma","available","Lesser devil ray","NRL","3",NA,"Species","accepted","Animalia","Chordata","Elasmobranchii","Myliobatiformes","Mobulidae",NA,NA,NA,NA,NA,2419210,"Mobula hypostoma (Bancroft, 1831)"
105871,"Dipturus nidarosiensis","Raja nidarosiensis","Raja (Dipturus) nidarosiensis","unavailable","Norwegian skate","NRL","3",NA,"Species","accepted","Animalia","Chordata","Elasmobranchii","Rajiformes","Rajidae",NA,NA,NA,NA,NA,5216139,"Raja nidarosiensis Storm, 1881"
105896,"Rostroraja alba","Raja alba","Raja alba","available","White skate","NRL","3",NA,"Species","accepted","Animalia","Chordata","Elasmobranchii","Rajiformes","Rajidae",NA,NA,NA,NA,NA,5216147,"Raja alba Lacepède, 1803"
105928,"Squatina squatina","Squatina squatina","Squatina squatina","unavailable","Angel shark","NRL","3",NA,"Species","accepted","Animalia","Chordata","Elasmobranchii","Squatiniformes","Squatinidae",NA,NA,NA,NA,NA,2417781,"Squatina squatina (Linnaeus, 1758)"
127186,"Salmo salar","Salmo salar","Salmo salar","available","Salmon","NRL","3",NA,"Species","accepted","Animalia","Chordata","Teleostei","Salmoniformes","Salmonidae",NA,NA,NA,NA,NA,7595433,"Salmo salar Linnaeus, 1758"
127187,"Salmo trutta","Salmo trutta","Salmo trutta","available","Sea trout","NRL","3",NA,"Species","accepted","Animalia","Chordata","Teleostei","Salmoniformes","Salmonidae",NA,NA,NA,NA,NA,8215487,"Salmo trutta Linnaeus, 1758"
154238,"Coregonus oxyrinchus","Coregonus oxyrhynchus","Coregonus oxyrhynchus","unavailable","Houting","NRL","3",NA,"Species","accepted","Animalia","Chordata","Teleostei","Salmoniformes","Salmonidae",NA,NA,NA,NA,NA,2351155,"Coregonus oxyrinchus (Linnaeus, 1758)"
137080,"Halichoerus grypus","Halichoerus grypus","Halichoerus grypus","available","Grey Seal","HD","2",NA,"Species","accepted","Animalia","Chordata","Mammalia","Carnivora","Phocidae",NA,NA,NA,NA,NA,2434806,"Halichoerus grypus (Fabricius, 1791)"
137081,"Monachus monachus","Monachus monachus","Monachus monachus","unavailable","Mediterranean monk seal","HD","2",NA,"Species","accepted","Animalia","Chordata","Mammalia","Carnivora","Phocidae",NA,NA,NA,NA,NA,2434779,"Monachus monachus (Hermann, 1779)"
137084,"Phoca vitulina","Phoca vitulina","Phoca vitulina","available","Harbor seal","HD","2",NA,"Species","accepted","Animalia","Chordata","Mammalia","Carnivora","Phocidae",NA,NA,NA,NA,NA,2434793,"Phoca vitulina Linnaeus, 1758"
137117,"Phocoena phocoena","Phocoena phocoena","Phocoena phocoena","available","Harbour porpoise","HD","2",NA,"Species","accepted","Animalia","Chordata","Mammalia","Cetartiodactyla","Phocoenidae",NA,NA,NA,NA,NA,2440669,"Phocoena phocoena (Linnaeus, 1758)"
137111,"Tursiops truncatus","Tursiops truncatus","Tursiops truncatus","available","Common bottlenose dolphin","HD","2",NA,"Species","accepted","Animalia","Chordata","Mammalia","Cetartiodactyla","Delphinidae",NA,NA,NA,NA,NA,2440447,"Tursiops truncatus (Montagu, 1821)"
137205,"Caretta caretta","Caretta caretta","Caretta caretta","available","Loggerhead sea turtle","HD","2, 4",NA,"Species","accepted","Animalia","Chordata",NA,"Testudines","Cheloniidae",NA,NA,NA,NA,NA,8894817,"Caretta caretta (Linnaeus, 1758)"
137206,"Chelonia mydas","Chelonia mydas","Chelonia mydas","available","Green sea turtle","HD","2, 4",NA,"Species","accepted","Animalia","Chordata",NA,"Testudines","Cheloniidae",NA,NA,NA,NA,NA,2442225,"Chelonia mydas (Linnaeus, 1758)"
137208,"Lepidochelys kempii","Lepidochelys kempii","Lepidochelys kempii","available","Kemp's ridley sea turtle","HD","4",NA,"Species","accepted","Animalia","Chordata",NA,"Testudines","Cheloniidae",NA,NA,NA,NA,NA,2442165,"Lepidochelys kempii Garman, 1880"
137207,"Eretmochelys imbricata","Eretmochelys imbricata","Eretmochelys imbricata","available","Hawksbill sea turtle","HD","4",NA,"Species","accepted","Animalia","Chordata",NA,"Testudines","Cheloniidae",NA,NA,NA,NA,NA,8841716,"Eretmochelys imbricata (Linnaeus, 1766)"
137209,"Dermochelys coriacea","Dermochelys coriacea","Dermochelys coriacea","available","Leatherback sea turtle","HD","4",NA,"Species","accepted","Animalia","Chordata",NA,"Testudines","Dermochelyidae",NA,NA,NA,NA,NA,9789983,"Dermochelys coriacea (Vandelli, 1761)"
101174,"Petromyzon marinus","Petromyzon marinus","Petromyzon marinus","available","Sea lamprey
","HD","2","Except the Swedish populations","Species","accepted","Animalia","Chordata","Petromyzonti","Petromyzontiformes","Petromyzontidae",NA,NA,NA,NA,NA,8236498,"Petromyzon marinus Linnaeus, 1758"
126276,"Acipenser naccarii","Acipenser naccarii","Acipenser naccarii","unavailable","Adriatic sturgeon","HD","2, 4",NA,"Species","accepted","Animalia","Chordata","Chondrostei","Acipenseriformes","Acipenseridae",NA,NA,NA,NA,NA,2402193,"Acipenser naccarii Bonaparte, 1836"
126279,"Acipenser sturio","Acipenser sturio","Acipenser sturio","unavailable","European sea sturgeon","HD","2, 4",NA,"Species","accepted","Animalia","Chordata","Chondrostei","Acipenseriformes","Acipenseridae",NA,NA,NA,NA,NA,2402203,"Acipenser sturio Linnaeus, 1758"
1605284,"Apricaphanius iberus","Aphanius iberus","Aphanius iberus","unavailable","Spanish toothcarp","HD","2",NA,"Species","accepted","Animalia","Chordata","Teleostei","Cyprinodontiformes","Aphaniidae",NA,NA,NA,NA,NA,2348049,"Aphanius iberus (Valenciennes, 1846)"
126428,"Aphanius fasciatus","Aphanius fasciatus","Aphanius fasciatus","unavailable","Mediterranean killifish","HD","2",NA,"Species","accepted","Animalia","Chordata","Teleostei","Cyprinodontiformes","Cyprinodontidae",NA,NA,NA,NA,NA,2348104,"Aphanius fasciatus (Valenciennes, 1821)"
126901,"Knipowitschia panizzae","Knipowitschia panizzae","Knipowitschia (Padogobius) panizzae","unavailable","Knipowitschia panizzae","HD","2",NA,"Species","accepted","Animalia","Chordata","Teleostei","Gobiiformes","Gobiidae",NA,NA,NA,NA,NA,2375697,"Knipowitschia panizzae (Verga, 1841)"
1605283,"Ninnigobius canestrinii","Pomatoschistus canestrini","Pomatoschistus canestrini","unavailable","Canestrini's goby","HD","2",NA,"Species","accepted","Animalia","Chordata","Teleostei","Gobiiformes","Gobiidae",NA,NA,NA,NA,NA,2379274,"Pomatoschistus canestrinii (Ninni, 1883)"
1039848,"Steromphala nivosa","Gibbula nivosa","Gibbula nivosa","unavailable","Steromphala nivosa
","HD","2",NA,"Species","accepted","Animalia","Mollusca","Gastropoda","Trochida","Trochidae",NA,NA,NA,NA,NA,5724078,"Gibbula nivosa A.Adams, 1853"
715999,"Alisma wahlenbergii","Alisma wahlenbergii","Alisma wahlenbergii","unavailable","Baltic water-plantain","HD","2",NA,"Species","accepted","Plantae","Tracheophyta","Magnoliopsida","Alismatales","Alismataceae",NA,NA,NA,NA,NA,2865134,"Alisma wahlenbergii (Holmb.) Juz."
282185,"Pelecus cultratus","Pelecus cultratus","Pelecus cultratus","unavailable","Ziege","HD","5",NA,"Species","accepted","Animalia","Chordata","Teleostei","Cypriniformes","Cyprinidae",NA,NA,NA,NA,NA,2367038,"Pelecus cultratus (Linnaeus, 1758)"
140679,"Patella ferruginea","Patella ferruginea","Patella ferruginea","unavailable","Ferruginous limpet","HD","5",NA,"Species","accepted","Animalia","Mollusca","Gastropoda",NA,"Patellidae",NA,NA,NA,NA,NA,5728503,"Patella ferruginea Gmelin, 1791"
140459,"Lithophaga lithophaga","Lithophaga lithophaga","Lithophaga lithophaga","available","Date mussel","HD","5",NA,"Species","accepted","Animalia","Mollusca","Bivalvia","Mytilida","Mytilidae",NA,NA,NA,NA,NA,4374632,"Lithophaga lithophaga (Linnaeus, 1758)"
140780,"Pinna nobilis","Pinna nobilis","Pinna nobilis","available","Noble pen shell","HD","5",NA,"Species","accepted","Animalia","Mollusca","Bivalvia","Ostreida","Pinnidae",NA,NA,NA,NA,NA,4374731,"Pinna nobilis Linnaeus, 1758"
159021,"Pusa hispida","Pusa hispida","Phoca hispida","available",NA,NA,NA,NA,"Species","accepted","Animalia","Chordata","Mammalia","Carnivora","Phocidae",NA,NA,NA,NA,NA,5219369,"Pusa hispida (Schreber, 1775)"
137086,"Balaena mysticetus","Balaena mysticetus",NA,"unavailable",NA,NA,NA,NA,"Species","accepted","Animalia","Chordata","Mammalia","Cetartiodactyla","Balaenidae","Balaena",1,NA,NA,0,2440330,"Balaena mysticetus Linnaeus, 1758"
220222,"Eubalaena australis","Eubalaena australis",NA,"available",NA,NA,NA,NA,"Species","accepted","Animalia","Chordata","Mammalia","Cetartiodactyla","Balaenidae","Eubalaena",1,0,0,0,2440332,"Eubalaena australis (Desmoulins, 1822)"
159023,"Eubalaena glacialis","Eubalaena glacialis",NA,"unavailable",NA,NA,NA,NA,"Species","accepted","Animalia","Chordata","Mammalia","Cetartiodactyla","Balaenidae","Eubalaena",1,NA,NA,0,2440339,"Eubalaena glacialis (Müller, 1776)"
254974,"Eubalaena japonica","Eubalaena japonica",NA,"available",NA,NA,NA,NA,"Species","accepted","Animalia","Chordata","Mammalia","Cetartiodactyla","Balaenidae","Eubalaena",1,NA,NA,0,9747921,"Eubalaena japonica (Lacépède, 1818)"
137087,"Balaenoptera acutorostrata","Balaenoptera acutorostrata",NA,"unavailable",NA,NA,NA,NA,"Species","accepted","Animalia","Chordata","Mammalia","Cetartiodactyla","Balaenopteridae","Balaenoptera",1,NA,NA,0,2440728,"Balaenoptera acutorostrata Lacépède, 1804"
231405,"Balaenoptera bonaerensis","Balaenoptera bonaerensis",NA,"available",NA,NA,NA,NA,"Species","accepted","Animalia","Chordata","Mammalia","Cetartiodactyla","Balaenopteridae","Balaenoptera",1,NA,NA,0,7759914,"Balaenoptera bonaerensis Burmeister, 1867"
137088,"Balaenoptera borealis","Balaenoptera borealis",NA,"unavailable",NA,NA,NA,NA,"Species","accepted","Animalia","Chordata","Mammalia","Cetartiodactyla","Balaenopteridae","Balaenoptera",1,NA,NA,0,2440709,"Balaenoptera borealis Lesson, 1828"
137089,"Balaenoptera edeni","Balaenoptera edeni",NA,"unavailable",NA,NA,NA,NA,"Species","accepted","Animalia","Chordata","Mammalia","Cetartiodactyla","Balaenopteridae","Balaenoptera",1,NA,NA,0,2440714,"Balaenoptera edeni Anderson, 1879"
137090,"Balaenoptera musculus","Balaenoptera musculus",NA,"unavailable",NA,NA,NA,NA,"Species","accepted","Animalia","Chordata","Mammalia","Cetartiodactyla","Balaenopteridae","Balaenoptera",1,NA,NA,0,2440735,"Balaenoptera musculus (Linnaeus, 1758)"
343896,"Balaenoptera omurai","Balaenoptera omurai",NA,"unavailable",NA,NA,NA,NA,"Species","accepted","Animalia","Chordata","Mammalia","Cetartiodactyla","Balaenopteridae","Balaenoptera",1,NA,NA,0,2440734,"Balaenoptera omurai Wada, Oishi & Yamada, 2003"
137091,"Balaenoptera physalus","Balaenoptera physalus",NA,"unavailable",NA,NA,NA,NA,"Species","accepted","Animalia","Chordata","Mammalia","Cetartiodactyla","Balaenopteridae","Balaenoptera",1,NA,NA,0,2440718,"Balaenoptera physalus (Linnaeus, 1758)"
1576133,"Balaenoptera ricei","Balaenoptera ricei",NA,"unavailable",NA,NA,NA,NA,"Species","accepted","Animalia","Chordata","Mammalia","Cetartiodactyla","Balaenopteridae","Balaenoptera",1,0,0,0,10840490,"Balaenoptera ricei Rosel, Wilcox, Yamada & Mullin, 2021"
137092,"Megaptera novaeangliae","Megaptera novaeangliae",NA,"unavailable",NA,NA,NA,NA,"Species","accepted","Animalia","Chordata","Mammalia","Cetartiodactyla","Balaenopteridae","Megaptera",1,NA,NA,0,5220086,"Megaptera novaeangliae (Borowski, 1781)"
137112,"Eschrichtius robustus","Eschrichtius robustus",NA,"available",NA,NA,NA,NA,"Species","accepted","Animalia","Chordata","Mammalia","Cetartiodactyla","Eschrichtiidae","Eschrichtius",1,NA,NA,0,2440704,"Eschrichtius robustus (Lilljeborg, 1861)"
231424,"Caperea marginata","Caperea marginata",NA,"available",NA,NA,NA,NA,"Species","accepted","Animalia","Chordata","Mammalia","Cetartiodactyla","Neobalaenidae","Caperea",1,NA,NA,0,2440310,"Caperea marginata (Gray, 1846)"
254976,"Cephalorhynchus commersonii","Cephalorhynchus commersonii",NA,"available",NA,NA,NA,NA,"Species","accepted","Animalia","Chordata","Mammalia","Cetartiodactyla","Delphinidae","Cephalorhynchus",1,NA,NA,0,8697392,"Cephalorhynchus commersonii (Lacépède, 1804)"
254977,"Cephalorhynchus eutropia","Cephalorhynchus eutropia",NA,"available",NA,NA,NA,NA,"Species","accepted","Animalia","Chordata","Mammalia","Cetartiodactyla","Delphinidae","Cephalorhynchus",1,0,0,0,5220042,"Cephalorhynchus eutropia (Gray, 1846)"
254978,"Cephalorhynchus heavisidii","Cephalorhynchus heavisidii",NA,"available",NA,NA,NA,NA,"Species","accepted","Animalia","Chordata","Mammalia","Cetartiodactyla","Delphinidae","Cephalorhynchus",1,0,0,0,5220041,"Cephalorhynchus heavisidii (Gray, 1828)"
254979,"Cephalorhynchus hectori","Cephalorhynchus hectori",NA,"available",NA,NA,NA,NA,"Species","accepted","Animalia","Chordata","Mammalia","Cetartiodactyla","Delphinidae","Cephalorhynchus",1,0,0,0,5220033,"Cephalorhynchus hectori (P.-J.van Bénéden, 1881)"
137095,"Feresa attenuata","Feresa attenuata",NA,"available",NA,NA,NA,NA,"Species","accepted","Animalia","Chordata","Mammalia","Cetartiodactyla","Delphinidae","Feresa",1,NA,NA,0,2440530,"Feresa attenuata Gray, 1874"
137096,"Globicephala macrorhynchus","Globicephala macrorhynchus",NA,"unavailable",NA,NA,NA,NA,"Species","accepted","Animalia","Chordata","Mammalia","Cetartiodactyla","Delphinidae","Globicephala",1,NA,NA,0,2440605,"Globicephala macrorhynchus Gray, 1846"
137097,"Globicephala melas","Globicephala melas",NA,"unavailable",NA,NA,NA,NA,"Species","accepted","Animalia","Chordata","Mammalia","Cetartiodactyla","Delphinidae","Globicephala",1,NA,NA,0,2440596,"Globicephala melas (Traill, 1809)"
137098,"Grampus griseus","Grampus griseus",NA,"unavailable",NA,NA,NA,NA,"Species","accepted","Animalia","Chordata","Mammalia","Cetartiodactyla","Delphinidae","Grampus",1,NA,NA,0,5220027,"Grampus griseus (G.Cuvier, 1812)"
137099,"Lagenodelphis hosei","Lagenodelphis hosei",NA,"unavailable",NA,NA,NA,NA,"Species","accepted","Animalia","Chordata","Mammalia","Cetartiodactyla","Delphinidae","Lagenodelphis",1,NA,NA,0,2440493,"Lagenodelphis hosei Fraser, 1956"
137101,"Lagenorhynchus albirostris","Lagenorhynchus albirostris",NA,"unavailable",NA,NA,NA,NA,"Species","accepted","Animalia","Chordata","Mammalia","Cetartiodactyla","Delphinidae","Lagenorhynchus",1,NA,0,0,5220081,"Lagenorhynchus albirostris (Gray, 1846)"
231434,"Lagenorhynchus obscurus","Lagenorhynchus obscurus",NA,"available",NA,NA,NA,NA,"Species","accepted","Animalia","Chordata","Mammalia","Cetartiodactyla","Delphinidae","Lagenorhynchus",1,NA,NA,0,5220077,"Lagenorhynchus obscurus (Gray, 1828)"
254975,"Lissodelphis borealis","Lissodelphis borealis",NA,"available",NA,NA,NA,NA,"Species","accepted","Animalia","Chordata","Mammalia","Cetartiodactyla","Delphinidae","Lissodelphis",1,NA,NA,0,2440467,"Lissodelphis borealis (Peale, 1848)"
231414,"Lissodelphis peronii","Lissodelphis peronii",NA,"available",NA,NA,NA,NA,"Species","accepted","Animalia","Chordata","Mammalia","Cetartiodactyla","Delphinidae","Lissodelphis",1,NA,NA,0,2440464,"Lissodelphis peronii (Lacépède, 1804)"
137113,"Kogia breviceps","Kogia breviceps",NA,"unavailable",NA,NA,NA,NA,"Species","accepted","Animalia","Chordata","Mammalia","Cetartiodactyla","Kogiidae","Kogia",1,0,0,0,2440694,"Kogia breviceps (Blainville, 1838)"
159025,"Kogia sima","Kogia sima",NA,"unavailable",NA,NA,NA,NA,"Species","accepted","Animalia","Chordata","Mammalia","Cetartiodactyla","Kogiidae","Kogia",1,NA,NA,0,2440691,"Kogia sima (Owen, 1866)"
137115,"Delphinapterus leucas","Delphinapterus leucas",NA,"available",NA,NA,NA,NA,"Species","accepted","Animalia","Chordata","Mammalia","Cetartiodactyla","Monodontidae","Delphinapterus",1,1,1,0,5220003,"Delphinapterus leucas (Pallas, 1776)"
137116,"Monodon monoceros","Monodon monoceros",NA,"unavailable",NA,NA,NA,NA,"Species","accepted","Animalia","Chordata","Mammalia","Cetartiodactyla","Monodontidae","Monodon",1,NA,NA,0,5220008,"Monodon monoceros Linnaeus, 1758"
446125,"Neophocaena asiaeorientalis","Neophocaena asiaeorientalis",NA,"available",NA,NA,NA,NA,"Species","accepted","Animalia","Chordata","Mammalia","Cetartiodactyla","Phocoenidae","Neophocaena",1,1,1,0,4352040,"Neophocaena asiaeorientalis (Pilleri & Gihr, 1972)"
254985,"Neophocaena phocaenoides","Neophocaena phocaenoides",NA,"available",NA,NA,NA,NA,"Species","accepted","Animalia","Chordata","Mammalia","Cetartiodactyla","Phocoenidae","Neophocaena",1,1,1,0,2440656,"Neophocaena phocaenoides (G.Cuvier, 1829)"
254971,"Phocoena dioptrica","Phocoena dioptrica",NA,"available",NA,NA,NA,NA,"Species","accepted","Animalia","Chordata","Mammalia","Cetartiodactyla","Phocoenidae","Phocoena",1,NA,NA,0,2440679,"Phocoena dioptrica Lahille, 1912"
343897,"Phocoena sinus","Phocoena sinus",NA,"unavailable",NA,NA,NA,NA,"Species","accepted","Animalia","Chordata","Mammalia","Cetartiodactyla","Phocoenidae","Phocoena",1,NA,NA,0,2440665,"Phocoena sinus Norris & McFarland, 1958"
343898,"Phocoena spinipinnis","Phocoena spinipinnis",NA,"available",NA,NA,NA,NA,"Species","accepted","Animalia","Chordata","Mammalia","Cetartiodactyla","Phocoenidae","Phocoena",1,NA,NA,0,2440666,"Phocoena spinipinnis Burmeister, 1865"
254987,"Phocoenoides dalli","Phocoenoides dalli",NA,"available",NA,NA,NA,NA,"Species","accepted","Animalia","Chordata","Mammalia","Cetartiodactyla","Phocoenidae","Phocoenoides",1,NA,NA,0,2440684,"Phocoenoides dalli (True, 1885)"
137119,"Physeter macrocephalus","Physeter macrocephalus",NA,"unavailable",NA,NA,NA,NA,"Species","accepted","Animalia","Chordata","Mammalia","Cetartiodactyla","Physeteridae","Physeter",1,NA,NA,0,8123917,"Physeter macrocephalus Linnaeus, 1758"
254964,"Pontoporia blainvillei","Pontoporia blainvillei",NA,"available",NA,NA,NA,NA,"Species","accepted","Animalia","Chordata","Mammalia","Cetartiodactyla","Pontoporiidae","Pontoporia",1,1,NA,0,5220001,"Pontoporia blainvillei (Gervais & d'Orbigny, 1844)"
242606,"Berardius arnuxii","Berardius arnuxii",NA,"available",NA,NA,NA,NA,"Species","accepted","Animalia","Chordata","Mammalia","Cetartiodactyla","Ziphiidae","Berardius",1,0,0,0,2440387,"Berardius arnuxii Duvernoy, 1851"
242608,"Berardius bairdii","Berardius bairdii",NA,"available",NA,NA,NA,NA,"Species","accepted","Animalia","Chordata","Mammalia","Cetartiodactyla","Ziphiidae","Berardius",1,0,0,0,2440388,"Berardius bairdii Stejneger, 1883"
1576136,"Berardius minimus","Berardius minimus",NA,"unavailable",NA,NA,NA,NA,"Species","accepted","Animalia","Chordata","Mammalia","Cetartiodactyla","Ziphiidae","Berardius",1,0,0,0,10084033,"Berardius minimus Yamada, Kitamura & Matsuishi, 2019"
343899,"Hyperoodon ampullatus","Hyperoodon ampullatus",NA,"unavailable",NA,NA,NA,NA,"Species","accepted","Animalia","Chordata","Mammalia","Cetartiodactyla","Ziphiidae","Hyperoodon",1,NA,NA,0,5220013,"Hyperoodon ampullatus (Forster, 1770)"
343900,"Hyperoodon planifrons","Hyperoodon planifrons",NA,"available",NA,NA,NA,NA,"Species","accepted","Animalia","Chordata","Mammalia","Cetartiodactyla","Ziphiidae","Hyperoodon",1,NA,NA,0,5220011,"Hyperoodon planifrons Flower, 1882"
231418,"Indopacetus pacificus","Indopacetus pacificus",NA,"available",NA,NA,NA,NA,"Species","accepted","Animalia","Chordata","Mammalia","Cetartiodactyla","Ziphiidae","Indopacetus",1,NA,NA,0,2440391,"Indopacetus pacificus (Longman, 1926)"
137121,"Mesoplodon bidens","Mesoplodon bidens",NA,"unavailable",NA,NA,NA,NA,"Species","accepted","Animalia","Chordata","Mammalia","Cetartiodactyla","Ziphiidae","Mesoplodon",1,NA,NA,0,2440412,"Mesoplodon bidens (Sowerby, 1804)"
231430,"Mesoplodon bowdoini","Mesoplodon bowdoini",NA,"unavailable",NA,NA,NA,NA,"Species","accepted","Animalia","Chordata","Mammalia","Cetartiodactyla","Ziphiidae","Mesoplodon",1,NA,NA,0,2440422,"Mesoplodon bowdoini Andrews, 1908"
254990,"Mesoplodon carlhubbsi","Mesoplodon carlhubbsi",NA,"available",NA,NA,NA,NA,"Species","accepted","Animalia","Chordata","Mammalia","Cetartiodactyla","Ziphiidae","Mesoplodon",1,0,0,0,2440401,"Mesoplodon carlhubbsi Moore, 1963"
137122,"Mesoplodon densirostris","Mesoplodon densirostris",NA,"unavailable",NA,NA,NA,NA,"Species","accepted","Animalia","Chordata","Mammalia","Cetartiodactyla","Ziphiidae","Mesoplodon",1,NA,NA,0,2440403,"Mesoplodon densirostris (Blainville, 1817)"
1567463,"Mesoplodon eueu","Mesoplodon eueu",NA,"unavailable",NA,NA,NA,NA,"Species","accepted","Animalia","Chordata","Mammalia","Cetartiodactyla","Ziphiidae","Mesoplodon",1,NA,0,0,11370425,"Mesoplodon eueu Carroll, McGowen, McCarthy, Marx, Aguilar, Dalebout, Dreyer, Gaggiotti, Hansen, van Helden, Onoufriou, Baird, Baker, Berrow, Cholewiak, Claridge, Constantine, Davison, Eira, Fordyce, Gatesy, Hofmeyr, Martín, Mead, Mignucci-Giannoni, Morin, Reyes, Rogan & R, 2021"
137123,"Mesoplodon europaeus","Mesoplodon europaeus",NA,"unavailable",NA,NA,NA,NA,"Species","accepted","Animalia","Chordata","Mammalia","Cetartiodactyla","Ziphiidae","Mesoplodon",1,NA,NA,0,2440397,"Mesoplodon europaeus (Gervais, 1855)"
231407,"Mesoplodon ginkgodens","Mesoplodon ginkgodens",NA,"available",NA,NA,NA,NA,"Species","accepted","Animalia","Chordata","Mammalia","Cetartiodactyla","Ziphiidae","Mesoplodon",1,NA,NA,0,2440410,"Mesoplodon ginkgodens Nishiwaki & Kamiya, 1958"
137124,"Mesoplodon grayi","Mesoplodon grayi",NA,"available",NA,NA,NA,NA,"Species","accepted","Animalia","Chordata","Mammalia","Cetartiodactyla","Ziphiidae","Mesoplodon",1,NA,NA,0,2440419,"Mesoplodon grayi von Haast, 1876"
137125,"Mesoplodon hectori","Mesoplodon hectori",NA,"unavailable",NA,NA,NA,NA,"Species","accepted","Animalia","Chordata","Mammalia","Cetartiodactyla","Ziphiidae","Mesoplodon",1,NA,NA,0,2440394,"Mesoplodon hectori (Gray, 1871)"
384422,"Mesoplodon hotaula","Mesoplodon hotaula",NA,"unavailable",NA,NA,NA,NA,"Species","accepted","Animalia","Chordata","Mammalia","Cetartiodactyla","Ziphiidae","Mesoplodon",1,0,0,0,2440411,"Mesoplodon hotaula Deraniyagala, 1963"
231429,"Mesoplodon layardii","Mesoplodon layardii",NA,"available",NA,NA,NA,NA,"Species","accepted","Animalia","Chordata","Mammalia","Cetartiodactyla","Ziphiidae","Mesoplodon",1,0,0,0,2440423,"Mesoplodon layardii (Gray, 1865)"
137126,"Mesoplodon mirus","Mesoplodon mirus",NA,"unavailable",NA,NA,NA,NA,"Species","accepted","Animalia","Chordata","Mammalia","Cetartiodactyla","Ziphiidae","Mesoplodon",1,0,0,0,2440417,"Mesoplodon mirus True, 1913"
254992,"Mesoplodon perrini","Mesoplodon perrini",NA,"unavailable",NA,NA,NA,NA,"Species","accepted","Animalia","Chordata","Mammalia","Cetartiodactyla","Ziphiidae","Mesoplodon",1,0,0,0,2440418,"Mesoplodon perrini Dalebout, Mead, Baker, Baker & van Helden, 2002"
231409,"Mesoplodon peruvianus","Mesoplodon peruvianus",NA,"available",NA,NA,NA,NA,"Species","accepted","Animalia","Chordata","Mammalia","Cetartiodactyla","Ziphiidae","Mesoplodon",1,0,0,0,2440406,"Mesoplodon peruvianus Reyes, Mead & Van Waerebeek, 1991"
254991,"Mesoplodon stejnegeri","Mesoplodon stejnegeri",NA,"available",NA,NA,NA,NA,"Species","accepted","Animalia","Chordata","Mammalia","Cetartiodactyla","Ziphiidae","Mesoplodon",1,0,0,0,2440402,"Mesoplodon stejnegeri True, 1885"
254993,"Mesoplodon traversii","Mesoplodon traversii",NA,"unavailable",NA,NA,NA,NA,"Species","accepted","Animalia","Chordata","Mammalia","Cetartiodactyla","Ziphiidae","Mesoplodon",1,0,0,0,2440407,"Mesoplodon traversii (Gray, 1874)"
231433,"Tasmacetus shepherdi","Tasmacetus shepherdi",NA,"available",NA,NA,NA,NA,"Species","accepted","Animalia","Chordata","Mammalia","Cetartiodactyla","Ziphiidae","Tasmacetus",1,NA,NA,0,2440383,"Tasmacetus shepherdi Oliver, 1937"
137127,"Ziphius cavirostris","Ziphius cavirostris",NA,"unavailable",NA,NA,NA,NA,"Species","accepted","Animalia","Chordata","Mammalia","Cetartiodactyla","Ziphiidae","Ziphius",1,NA,NA,0,2440369,"Ziphius cavirostris G.Cuvier, 1823"
158667,"Alosa aestivalis","Alosa aestivalis",NA,"available",NA,NA,NA,NA,"Species","accepted","Animalia","Chordata","Teleostei","Clupeiformes","Alosidae","Alosa",1,1,1,0,2412708,"Alosa aestivalis (Mitchill, 1814)"
272248,"Alosa alabamae","Alosa alabamae",NA,"unavailable",NA,NA,NA,NA,"Species","accepted","Animalia","Chordata","Teleostei","Clupeiformes","Alosidae","Alosa",1,1,1,0,2412616,"Alosa alabamae Jordan & Evermann, 1896"
474902,"Alosa algeriensis","Alosa algeriensis",NA,"unavailable",NA,NA,NA,NA,"Species","accepted","Animalia","Chordata","Teleostei","Clupeiformes","Alosidae","Alosa",1,1,1,0,2412667,"Alosa algeriensis Regan, 1916"
126413,"Alosa alosa","Alosa alosa",NA,"available",NA,NA,NA,NA,"Species","accepted","Animalia","Chordata","Teleostei","Clupeiformes","Alosidae","Alosa",1,1,1,0,2412685,"Alosa alosa (Linnaeus, 1758)"
272249,"Alosa braschnikowi","Alosa braschnikowi",NA,"unavailable",NA,NA,NA,NA,"Species","accepted","Animalia","Chordata","Teleostei","Clupeiformes","Alosidae","Alosa",0,1,0,0,2412751,"Alosa braschnikowi (Borodin, 1904)"
126414,"Alosa caspia","Alosa caspia",NA,"unavailable",NA,NA,NA,NA,"Species","accepted","Animalia","Chordata","Teleostei","Clupeiformes","Alosidae","Alosa",1,1,1,0,4284114,"Alosa caspia (Eichwald, 1838)"
272250,"Alosa chrysochloris","Alosa chrysochloris",NA,"available",NA,NA,NA,NA,"Species","accepted","Animalia","Chordata","Teleostei","Clupeiformes","Alosidae","Alosa",1,1,1,0,2412681,"Alosa chrysochloris (Rafinesque, 1820)"
300333,"Alosa curensis","Alosa curensis",NA,"unavailable",NA,NA,NA,NA,"Species","accepted","Animalia","Chordata","Teleostei","Clupeiformes","Alosidae","Alosa",0,1,0,0,2412943,"Alosa curensis (Suvorov, 1907)"
126415,"Alosa fallax","Alosa fallax",NA,"available",NA,NA,NA,NA,"Species","accepted","Animalia","Chordata","Teleostei","Clupeiformes","Alosidae","Alosa",1,1,1,0,2412623,"Alosa fallax (Lacepède, 1803)"
272251,"Alosa immaculata","Alosa immaculata",NA,"unavailable",NA,NA,NA,NA,"Species","accepted","Animalia","Chordata","Teleostei","Clupeiformes","Alosidae","Alosa",1,1,1,0,2412637,"Alosa immaculata Bennett, 1835"
272252,"Alosa kessleri","Alosa kessleri",NA,"unavailable",NA,NA,NA,NA,"Species","accepted","Animalia","Chordata","Teleostei","Clupeiformes","Alosidae","Alosa",1,1,1,0,2412728,"Alosa kessleri (Grimm, 1887)"
272253,"Alosa maeotica","Alosa maeotica",NA,"unavailable",NA,NA,NA,NA,"Species","accepted","Animalia","Chordata","Teleostei","Clupeiformes","Alosidae","Alosa",1,1,1,0,2412653,"Alosa maeotica (Grimm, 1901)"
158668,"Alosa mediocris","Alosa mediocris",NA,"available",NA,NA,NA,NA,"Species","accepted","Animalia","Chordata","Teleostei","Clupeiformes","Alosidae","Alosa",1,1,1,0,2412699,"Alosa mediocris (Mitchill, 1814)"
158669,"Alosa pseudoharengus","Alosa pseudoharengus",NA,"available",NA,NA,NA,NA,"Species","accepted","Animalia","Chordata","Teleostei","Clupeiformes","Alosidae","Alosa",1,1,1,0,2412740,"Alosa pseudoharengus (Wilson, 1811)"
158670,"Alosa sapidissima","Alosa sapidissima",NA,"available",NA,NA,NA,NA,"Species","accepted","Animalia","Chordata","Teleostei","Clupeiformes","Alosidae","Alosa",1,1,1,0,2412661,"Alosa sapidissima (Wilson, 1811)"
272254,"Alosa saposchnikowii","Alosa saposchnikowii",NA,"unavailable",NA,NA,NA,NA,"Species","accepted","Animalia","Chordata","Teleostei","Clupeiformes","Alosidae","Alosa",0,1,1,0,2412693,"Alosa saposchnikowii (Grimm, 1887)"
272255,"Alosa sphaerocephala","Alosa sphaerocephala",NA,"unavailable",NA,NA,NA,NA,"Species","accepted","Animalia","Chordata","Teleostei","Clupeiformes","Alosidae","Alosa",0,1,0,0,2412748,"Alosa sphaerocephala (Berg, 1913)"
272256,"Alosa tanaica","Alosa tanaica",NA,"unavailable",NA,NA,NA,NA,"Species","accepted","Animalia","Chordata","Teleostei","Clupeiformes","Alosidae","Alosa",1,1,1,0,2412669,"Alosa tanaica (Grimm, 1901)"
272257,"Alosa volgensis","Alosa volgensis",NA,"unavailable",NA,NA,NA,NA,"Species","accepted","Animalia","Chordata","Teleostei","Clupeiformes","Alosidae","Alosa",0,1,1,0,2412665,"Alosa volgensis (Berg, 1913)"
233942,"Acipenser baerii","Acipenser baerii",NA,"unavailable",NA,NA,NA,NA,"Species","accepted","Animalia","Chordata","Chondrostei","Acipenseriformes","Acipenseridae","Acipenser",0,1,1,0,4287131,"Acipenser baerii Brandt, 1869"
157869,"Acipenser brevirostrum","Acipenser brevirostrum",NA,"unavailable",NA,NA,NA,NA,"Species","accepted","Animalia","Chordata","Chondrostei","Acipenseriformes","Acipenseridae","Acipenser",1,1,1,0,2402192,"Acipenser brevirostrum Lesueur, 1818"
271694,"Acipenser fulvescens","Acipenser fulvescens",NA,"unavailable",NA,NA,NA,NA,"Species","accepted","Animalia","Chordata","Chondrostei","Acipenseriformes","Acipenseridae","Acipenser",0,1,1,0,2402120,"Acipenser fulvescens Rafinesque, 1817"
126275,"Acipenser gueldenstaedtii","Acipenser gueldenstaedtii",NA,"available",NA,NA,NA,NA,"Species","accepted","Animalia","Chordata","Chondrostei","Acipenseriformes","Acipenseridae","Acipenser",1,1,1,0,2402129,"Acipenser gueldenstaedtii Brandt & Ratzeburg, 1833"
271700,"Huso dauricus","Huso dauricus",NA,"unavailable",NA,NA,NA,NA,"Species","accepted","Animalia","Chordata","Chondrostei","Acipenseriformes","Acipenseridae","Huso",1,1,1,0,2402100,"Huso dauricus (Georgi, 1775)"
126280,"Huso huso","Huso huso",NA,"unavailable",NA,NA,NA,NA,"Species","accepted","Animalia","Chordata","Chondrostei","Acipenseriformes","Acipenseridae","Huso",1,1,1,0,2402105,"Huso huso (Linnaeus, 1758)"
282472,"Pseudoscaphirhynchus fedtschenkoi","Pseudoscaphirhynchus fedtschenkoi",NA,"unavailable",NA,NA,NA,NA,"Species","accepted","Animalia","Chordata","Chondrostei","Acipenseriformes","Acipenseridae","Pseudoscaphirhynchus",0,1,1,0,2402092,"Pseudoscaphirhynchus fedtschenkoi (Kessler, 1872)"
282473,"Pseudoscaphirhynchus hermanni","Pseudoscaphirhynchus hermanni",NA,"unavailable",NA,NA,NA,NA,"Species","accepted","Animalia","Chordata","Chondrostei","Acipenseriformes","Acipenseridae","Pseudoscaphirhynchus",0,1,1,0,2402096,"Pseudoscaphirhynchus hermanni (Kessler, 1877)"
282474,"Pseudoscaphirhynchus kaufmanni","Pseudoscaphirhynchus kaufmanni",NA,"unavailable",NA,NA,NA,NA,"Species","accepted","Animalia","Chordata","Chondrostei","Acipenseriformes","Acipenseridae","Pseudoscaphirhynchus",0,1,1,0,9779149,"Pseudoscaphirhynchus kaufmanni (Kessler, 1877)"
282668,"Scaphirhynchus suttkusi","Scaphirhynchus suttkusi",NA,"unavailable",NA,NA,NA,NA,"Species","accepted","Animalia","Chordata","Chondrostei","Acipenseriformes","Acipenseridae","Scaphirhynchus",0,1,1,0,2402090,"Scaphirhynchus suttkusi Williams & Clemmer, 1991"
1374498,"Pseudobatos buthi","Pseudobatos buthi",NA,"unavailable",NA,NA,NA,NA,"Species","accepted","Animalia","Chordata","Elasmobranchii","Rhinopristiformes","Rhinobatidae","Pseudobatos",1,0,0,0,10345949,"Pseudobatos buthi Rutledge, 2019"
1577351,"Pseudobatos glaucostigma","Pseudobatos glaucostigma",NA,"available",NA,NA,NA,NA,"Species","accepted","Animalia","Chordata","Elasmobranchii","Rhinopristiformes","Rhinobatidae","Pseudobatos",1,0,0,0,9246400,"Pseudobatos glaucostigmus (Jordan & Gilbert, 1883)"
1043490,"Pseudobatos horkelii","Pseudobatos horkelii",NA,"unavailable",NA,NA,NA,NA,"Species","accepted","Animalia","Chordata","Elasmobranchii","Rhinopristiformes","Rhinobatidae","Pseudobatos",1,0,0,0,9361135,"Pseudobatos horkelii (Müller & Henle, 1841)"
1043479,"Pseudobatos lentiginosus","Pseudobatos lentiginosus",NA,"available",NA,NA,NA,NA,"Species","accepted","Animalia","Chordata","Elasmobranchii","Rhinopristiformes","Rhinobatidae","Pseudobatos",1,0,0,0,9451181,"Pseudobatos lentiginosus (Garman, 1880)"
1043484,"Pseudobatos leucorhynchus","Pseudobatos leucorhynchus",NA,"available",NA,NA,NA,NA,"Species","accepted","Animalia","Chordata","Elasmobranchii","Rhinopristiformes","Rhinobatidae","Pseudobatos",1,0,0,0,9306388,"Pseudobatos leucorhynchus (Günther, 1867)"
1043607,"Pseudobatos percellens","Pseudobatos percellens",NA,"available",NA,NA,NA,NA,"Species","accepted","Animalia","Chordata","Elasmobranchii","Rhinopristiformes","Rhinobatidae","Pseudobatos",1,0,0,0,9273149,"Pseudobatos percellens (Walbaum, 1792)"
1043480,"Pseudobatos planiceps","Pseudobatos planiceps",NA,"available",NA,NA,NA,NA,"Species","accepted","Animalia","Chordata","Elasmobranchii","Rhinopristiformes","Rhinobatidae","Pseudobatos",1,0,0,0,9333785,"Pseudobatos planiceps (Garman, 1880)"
1043465,"Pseudobatos prahli","Pseudobatos prahli",NA,"unavailable",NA,NA,NA,NA,"Species","accepted","Animalia","Chordata","Elasmobranchii","Rhinopristiformes","Rhinobatidae","Pseudobatos",1,0,0,0,9600270,"Pseudobatos prahli (Acero P. & Franke, 1995)"
1043469,"Pseudobatos productus","Pseudobatos productus",NA,"available",NA,NA,NA,NA,"Species","accepted","Animalia","Chordata","Elasmobranchii","Rhinopristiformes","Rhinobatidae","Pseudobatos",1,1,0,0,9479285,"Pseudobatos productus (Ayres, 1854)"
