"AphiaID","scientificName","scientificNameWWF","vernacularName","scientificNameID","match_type","acceptedNameUsageID","rank","listedIn","annex","note","status","id","url","authority","unacceptreason","taxonRankID","valid_AphiaID","valid_name","valid_authority","parentNameUsageID","kingdom","phylum","class","order","family","genus","citation","lsid","isMarine","isBrackish","isFreshwater","isTerrestrial","isExtinct","modified","gbif_speciesKey","gbif_scientificName","gbif_matchType","taxonID","sdm_result"
271422,"Pristis clavata","Pristis clavata","Dwarf sawfish","urn:lsid:marinespecies.org:taxname:271422","exact",271422,"Species","NRL","3",NA,"accepted",NA,NA,NA,NA,NA,NA,NA,NA,NA,"Animalia","Chordata","Elasmobranchii","Rhinopristiformes","Pristidae",NA,NA,NA,NA,NA,NA,NA,NA,NA,5216282,"Pristis clavata Garman, 1906","EXACT",271422,"available"
105848,"Pristis pectinata","Pristis pectinata","Smalltooth sawfish","urn:lsid:marinespecies.org:taxname:105848","exact",105848,"Species","NRL","3",NA,"accepted",NA,NA,NA,NA,NA,NA,NA,NA,NA,"Animalia","Chordata","Elasmobranchii","Rhinopristiformes","Pristidae",NA,NA,NA,NA,NA,NA,NA,NA,NA,5216292,"Pristis pectinata Latham, 1794","EXACT",105848,"available"
105849,"Pristis pristis","Pristis pristis","Largetooth sawfish","urn:lsid:marinespecies.org:taxname:105849","exact",105849,"Species","NRL","3",NA,"accepted",NA,NA,NA,NA,NA,NA,NA,NA,NA,"Animalia","Chordata","Elasmobranchii","Rhinopristiformes","Pristidae",NA,NA,NA,NA,NA,NA,NA,NA,NA,5216276,"Pristis pristis (Linnaeus, 1758)","EXACT",105849,"available"
105837,"Cetorhinus maximus","Cetorhinus maximus","Basking shark","urn:lsid:marinespecies.org:taxname:105837","exact",105837,"Species","NRL","3",NA,"accepted",NA,NA,NA,NA,NA,NA,NA,NA,NA,"Animalia","Chordata","Elasmobranchii","Lamniformes","Cetorhinidae",NA,NA,NA,NA,NA,NA,NA,NA,NA,2420726,"Cetorhinus maximus (Gunnerus, 1765)","EXACT",105837,"available"
105838,"Carcharodon carcharias","Carcharodon carcharias","White shark","urn:lsid:marinespecies.org:taxname:105838","exact",105838,"Species","NRL","3",NA,"accepted",NA,NA,NA,NA,NA,NA,NA,NA,NA,"Animalia","Chordata","Elasmobranchii","Lamniformes","Lamnidae",NA,NA,NA,NA,NA,NA,NA,NA,NA,2420694,"Carcharodon carcharias (Linnaeus, 1758)","EXACT",105838,"available"
105912,"Etmopterus pusillus","Etmopterus pusillus","Smooth lantern shark","urn:lsid:marinespecies.org:taxname:105912","exact",105912,"Species","NRL","3",NA,"accepted",NA,NA,NA,NA,NA,NA,NA,NA,NA,"Animalia","Chordata","Elasmobranchii","Squaliformes","Etmopteridae",NA,NA,NA,NA,NA,NA,NA,NA,NA,2421031,"Etmopterus pusillus (Lowe, 1839)","EXACT",105912,"available"
1042871,"Manta alfredi","Manta alfredi","Reef manta ray","urn:lsid:marinespecies.org:taxname:298794","exact",1042871,"Species","NRL","3",NA,"accepted",NA,NA,NA,NA,NA,NA,NA,NA,NA,"Animalia","Chordata","Elasmobranchii","Myliobatiformes","Mobulidae",NA,NA,NA,NA,NA,NA,NA,NA,NA,2419160,"Manta alfredi (Krefft, 1868)","EXACT",1042871,"available"
1026118,"Manta birostris","Manta birostris","Giant manta ray","urn:lsid:marinespecies.org:taxname:105857","exact",1026118,"Species","NRL","3",NA,"accepted",NA,NA,NA,NA,NA,NA,NA,NA,NA,"Animalia","Chordata","Elasmobranchii","Myliobatiformes","Mobulidae",NA,NA,NA,NA,NA,NA,NA,NA,NA,2419163,"Manta birostris (Walbaum, 1792)","EXACT",1026118,"available"
105858,"Mobula mobular","Mobula mobular","Devil fish","urn:lsid:marinespecies.org:taxname:105858","exact",105858,"Species","NRL","3",NA,"accepted",NA,NA,NA,NA,NA,NA,NA,NA,NA,"Animalia","Chordata","Elasmobranchii","Myliobatiformes","Mobulidae",NA,NA,NA,NA,NA,NA,NA,NA,NA,2419188,"Mobula mobular (Bonnaterre, 1788)","EXACT",105858,"unavailable"
271483,"Mobula rochebrunei","Mobula rochebrunei","Lesser Guinean devil ray","urn:lsid:marinespecies.org:taxname:271483","exact",271483,"Species","NRL","3",NA,"accepted",NA,NA,NA,NA,NA,NA,NA,NA,NA,"Animalia","Chordata","Elasmobranchii","Myliobatiformes","Mobulidae",NA,NA,NA,NA,NA,NA,NA,NA,NA,2419224,"Mobula rochebrunei (Vaillant, 1879)","EXACT",271483,"unavailable"
217430,"Mobula thurstoni","Mobula thurstoni","Smoothtail mobula","urn:lsid:marinespecies.org:taxname:217430","exact",217430,"Species","NRL","3",NA,"accepted",NA,NA,NA,NA,NA,NA,NA,NA,NA,"Animalia","Chordata","Elasmobranchii","Myliobatiformes","Mobulidae",NA,NA,NA,NA,NA,NA,NA,NA,NA,2419218,"Mobula thurstoni (Lloyd, 1908)","EXACT",217430,"unavailable"
217434,"Mobula eregoodootenkee","Mobula eregoodootenkee","Longhorned mobula","urn:lsid:marinespecies.org:taxname:217434","exact",217434,"Species","NRL","3",NA,"accepted",NA,NA,NA,NA,NA,NA,NA,NA,NA,"Animalia","Chordata","Elasmobranchii","Myliobatiformes","Mobulidae",NA,NA,NA,NA,NA,NA,NA,NA,NA,2419206,"Mobula eregoodootenkee (Bleeker, 1859)","EXACT",217434,"unavailable"
105859,"Mobula tarapacana","Mobula tarapacana","Chilean devil ray","urn:lsid:marinespecies.org:taxname:105859","exact",105859,"Species","NRL","3",NA,"accepted",NA,NA,NA,NA,NA,NA,NA,NA,NA,"Animalia","Chordata","Elasmobranchii","Myliobatiformes","Mobulidae",NA,NA,NA,NA,NA,NA,NA,NA,NA,2419179,"Mobula tarapacana (Philippi, 1892)","EXACT",105859,"unavailable"
217436,"Mobula kuhlii","Mobula kuhlii","Shortfin devil ray","urn:lsid:marinespecies.org:taxname:217436","exact",217436,"Species","NRL","3",NA,"accepted",NA,NA,NA,NA,NA,NA,NA,NA,NA,"Animalia","Chordata","Elasmobranchii","Myliobatiformes","Mobulidae",NA,NA,NA,NA,NA,NA,NA,NA,NA,2419221,"Mobula kuhlii (Müller & Henle, 1841)","EXACT",217436,"unavailable"
158530,"Mobula hypostoma","Mobula hypostoma","Lesser devil ray","urn:lsid:marinespecies.org:taxname:158530","exact",158530,"Species","NRL","3",NA,"accepted",NA,NA,NA,NA,NA,NA,NA,NA,NA,"Animalia","Chordata","Elasmobranchii","Myliobatiformes","Mobulidae",NA,NA,NA,NA,NA,NA,NA,NA,NA,2419210,"Mobula hypostoma (Bancroft, 1831)","EXACT",158530,"available"
105871,"Raja nidarosiensis","Raja (Dipturus) nidarosiensis","Norwegian skate","urn:lsid:marinespecies.org:taxname:293391","exact_subgenus",105871,"Species","NRL","3",NA,"accepted",NA,NA,NA,NA,NA,NA,NA,NA,NA,"Animalia","Chordata","Elasmobranchii","Rajiformes","Rajidae",NA,NA,NA,NA,NA,NA,NA,NA,NA,5216139,"Raja nidarosiensis Storm, 1881","EXACT",105871,"unavailable"
105896,"Raja alba","Raja alba","White skate","urn:lsid:marinespecies.org:taxname:217404","exact",105896,"Species","NRL","3",NA,"accepted",NA,NA,NA,NA,NA,NA,NA,NA,NA,"Animalia","Chordata","Elasmobranchii","Rajiformes","Rajidae",NA,NA,NA,NA,NA,NA,NA,NA,NA,5216147,"Raja alba Lacepède, 1803","EXACT",105896,"available"
105928,"Squatina squatina","Squatina squatina","Angel shark","urn:lsid:marinespecies.org:taxname:105928","exact",105928,"Species","NRL","3",NA,"accepted",NA,NA,NA,NA,NA,NA,NA,NA,NA,"Animalia","Chordata","Elasmobranchii","Squatiniformes","Squatinidae",NA,NA,NA,NA,NA,NA,NA,NA,NA,2417781,"Squatina squatina (Linnaeus, 1758)","EXACT",105928,"unavailable"
127186,"Salmo salar","Salmo salar","Salmon","urn:lsid:marinespecies.org:taxname:127186","exact",127186,"Species","NRL","3",NA,"accepted",NA,NA,NA,NA,NA,NA,NA,NA,NA,"Animalia","Chordata","Teleostei","Salmoniformes","Salmonidae",NA,NA,NA,NA,NA,NA,NA,NA,NA,7595433,"Salmo salar Linnaeus, 1758","EXACT",127186,"available"
127187,"Salmo trutta","Salmo trutta","Sea trout","urn:lsid:marinespecies.org:taxname:127187","exact",127187,"Species","NRL","3",NA,"accepted",NA,NA,NA,NA,NA,NA,NA,NA,NA,"Animalia","Chordata","Teleostei","Salmoniformes","Salmonidae",NA,NA,NA,NA,NA,NA,NA,NA,NA,8215487,"Salmo trutta Linnaeus, 1758","EXACT",127187,"available"
154238,"Coregonus oxyrhynchus","Coregonus oxyrhynchus","Houting","urn:lsid:marinespecies.org:taxname:400255","exact",154238,"Species","NRL","3",NA,"accepted",NA,NA,NA,NA,NA,NA,NA,NA,NA,"Animalia","Chordata","Teleostei","Salmoniformes","Salmonidae",NA,NA,NA,NA,NA,NA,NA,NA,NA,2351155,"Coregonus oxyrinchus (Linnaeus, 1758)","FUZZY",154238,"unavailable"
137080,"Halichoerus grypus","Halichoerus grypus","Grey Seal","urn:lsid:marinespecies.org:taxname:137080","exact",137080,"Species","HD","2",NA,"accepted",NA,NA,NA,NA,NA,NA,NA,NA,NA,"Animalia","Chordata","Mammalia","Carnivora","Phocidae",NA,NA,NA,NA,NA,NA,NA,NA,NA,2434806,"Halichoerus grypus (Fabricius, 1791)","EXACT",137080,"available"
137081,"Monachus monachus","Monachus monachus","Mediterranean monk seal","urn:lsid:marinespecies.org:taxname:137081","exact",137081,"Species","HD","2",NA,"accepted",NA,NA,NA,NA,NA,NA,NA,NA,NA,"Animalia","Chordata","Mammalia","Carnivora","Phocidae",NA,NA,NA,NA,NA,NA,NA,NA,NA,2434779,"Monachus monachus (Hermann, 1779)","EXACT",137081,"unavailable"
137084,"Phoca vitulina","Phoca vitulina","Harbor seal","urn:lsid:marinespecies.org:taxname:137084","exact",137084,"Species","HD","2",NA,"accepted",NA,NA,NA,NA,NA,NA,NA,NA,NA,"Animalia","Chordata","Mammalia","Carnivora","Phocidae",NA,NA,NA,NA,NA,NA,NA,NA,NA,2434793,"Phoca vitulina Linnaeus, 1758","EXACT",137084,"available"
137117,"Phocoena phocoena","Phocoena phocoena","Harbour porpoise","urn:lsid:marinespecies.org:taxname:137117","exact",137117,"Species","HD","2",NA,"accepted",NA,NA,NA,NA,NA,NA,NA,NA,NA,"Animalia","Chordata","Mammalia","Cetartiodactyla","Phocoenidae",NA,NA,NA,NA,NA,NA,NA,NA,NA,2440669,"Phocoena phocoena (Linnaeus, 1758)","EXACT",137117,"available"
137111,"Tursiops truncatus","Tursiops truncatus","Common bottlenose dolphin","urn:lsid:marinespecies.org:taxname:137111","exact",137111,"Species","HD","2",NA,"accepted",NA,NA,NA,NA,NA,NA,NA,NA,NA,"Animalia","Chordata","Mammalia","Cetartiodactyla","Delphinidae",NA,NA,NA,NA,NA,NA,NA,NA,NA,2440447,"Tursiops truncatus (Montagu, 1821)","EXACT",137111,"available"
137205,"Caretta caretta","Caretta caretta","Loggerhead sea turtle","urn:lsid:marinespecies.org:taxname:137205","exact",137205,"Species","HD","2, 4",NA,"accepted",NA,NA,NA,NA,NA,NA,NA,NA,NA,"Animalia","Chordata",NA,"Testudines","Cheloniidae",NA,NA,NA,NA,NA,NA,NA,NA,NA,8894817,"Caretta caretta (Linnaeus, 1758)","EXACT",137205,"available"
137206,"Chelonia mydas","Chelonia mydas","Green sea turtle","urn:lsid:marinespecies.org:taxname:137206","exact",137206,"Species","HD","2, 4",NA,"accepted",NA,NA,NA,NA,NA,NA,NA,NA,NA,"Animalia","Chordata",NA,"Testudines","Cheloniidae",NA,NA,NA,NA,NA,NA,NA,NA,NA,2442225,"Chelonia mydas (Linnaeus, 1758)","EXACT",137206,"available"
137208,"Lepidochelys kempii","Lepidochelys kempii","Kemp's ridley sea turtle","urn:lsid:marinespecies.org:taxname:137208","exact",137208,"Species","HD","4",NA,"accepted",NA,NA,NA,NA,NA,NA,NA,NA,NA,"Animalia","Chordata",NA,"Testudines","Cheloniidae",NA,NA,NA,NA,NA,NA,NA,NA,NA,2442165,"Lepidochelys kempii Garman, 1880","EXACT",137208,"available"
137207,"Eretmochelys imbricata","Eretmochelys imbricata","Hawksbill sea turtle","urn:lsid:marinespecies.org:taxname:137207","exact",137207,"Species","HD","4",NA,"accepted",NA,NA,NA,NA,NA,NA,NA,NA,NA,"Animalia","Chordata",NA,"Testudines","Cheloniidae",NA,NA,NA,NA,NA,NA,NA,NA,NA,8841716,"Eretmochelys imbricata (Linnaeus, 1766)","EXACT",137207,"available"
137209,"Dermochelys coriacea","Dermochelys coriacea","Leatherback sea turtle","urn:lsid:marinespecies.org:taxname:137209","exact",137209,"Species","HD","4",NA,"accepted",NA,NA,NA,NA,NA,NA,NA,NA,NA,"Animalia","Chordata",NA,"Testudines","Dermochelyidae",NA,NA,NA,NA,NA,NA,NA,NA,NA,9789983,"Dermochelys coriacea (Vandelli, 1761)","EXACT",137209,"available"
101174,"Petromyzon marinus","Petromyzon marinus","Sea lamprey
","urn:lsid:marinespecies.org:taxname:101174","exact",101174,"Species","HD","2","Except the Swedish populations","accepted",NA,NA,NA,NA,NA,NA,NA,NA,NA,"Animalia","Chordata","Petromyzonti","Petromyzontiformes","Petromyzontidae",NA,NA,NA,NA,NA,NA,NA,NA,NA,8236498,"Petromyzon marinus Linnaeus, 1758","EXACT",101174,"available"
126276,"Acipenser naccarii","Acipenser naccarii","Adriatic sturgeon","urn:lsid:marinespecies.org:taxname:126276","exact",126276,"Species","HD","2, 4",NA,"accepted",NA,NA,NA,NA,NA,NA,NA,NA,NA,"Animalia","Chordata","Chondrostei","Acipenseriformes","Acipenseridae",NA,NA,NA,NA,NA,NA,NA,NA,NA,2402193,"Acipenser naccarii Bonaparte, 1836","EXACT",126276,"unavailable"
126279,"Acipenser sturio","Acipenser sturio","European sea sturgeon","urn:lsid:marinespecies.org:taxname:126279","exact",126279,"Species","HD","2, 4",NA,"accepted",NA,NA,NA,NA,NA,NA,NA,NA,NA,"Animalia","Chordata","Chondrostei","Acipenseriformes","Acipenseridae",NA,NA,NA,NA,NA,NA,NA,NA,NA,2402203,"Acipenser sturio Linnaeus, 1758","EXACT",126279,"unavailable"
1605284,"Aphanius iberus","Aphanius iberus","Spanish toothcarp","urn:lsid:marinespecies.org:taxname:126429","exact",1605284,"Species","HD","2",NA,"accepted",NA,NA,NA,NA,NA,NA,NA,NA,NA,"Animalia","Chordata","Teleostei","Cyprinodontiformes","Aphaniidae",NA,NA,NA,NA,NA,NA,NA,NA,NA,2348049,"Aphanius iberus (Valenciennes, 1846)","EXACT",1605284,"unavailable"
126428,"Aphanius fasciatus","Aphanius fasciatus","Mediterranean killifish","urn:lsid:marinespecies.org:taxname:126428","exact",126428,"Species","HD","2",NA,"accepted",NA,NA,NA,NA,NA,NA,NA,NA,NA,"Animalia","Chordata","Teleostei","Cyprinodontiformes","Cyprinodontidae",NA,NA,NA,NA,NA,NA,NA,NA,NA,2348104,"Aphanius fasciatus (Valenciennes, 1821)","EXACT",126428,"unavailable"
126901,"Knipowitschia panizzae","Knipowitschia (Padogobius) panizzae","Knipowitschia panizzae","urn:lsid:marinespecies.org:taxname:126901","exact_subgenus",126901,"Species","HD","2",NA,"accepted",NA,NA,NA,NA,NA,NA,NA,NA,NA,"Animalia","Chordata","Teleostei","Gobiiformes","Gobiidae",NA,NA,NA,NA,NA,NA,NA,NA,NA,2375697,"Knipowitschia panizzae (Verga, 1841)","EXACT",126901,"unavailable"
1605283,"Pomatoschistus canestrini","Pomatoschistus canestrini","Canestrini's goby","urn:lsid:marinespecies.org:taxname:405555","exact",1605283,"Species","HD","2",NA,"accepted",NA,NA,NA,NA,NA,NA,NA,NA,NA,"Animalia","Chordata","Teleostei","Gobiiformes","Gobiidae",NA,NA,NA,NA,NA,NA,NA,NA,NA,2379274,"Pomatoschistus canestrinii (Ninni, 1883)","FUZZY",1605283,"unavailable"
1039848,"Gibbula nivosa","Gibbula nivosa","Steromphala nivosa
","urn:lsid:marinespecies.org:taxname:141791","exact",1039848,"Species","HD","2",NA,"accepted",NA,NA,NA,NA,NA,NA,NA,NA,NA,"Animalia","Mollusca","Gastropoda","Trochida","Trochidae",NA,NA,NA,NA,NA,NA,NA,NA,NA,5724078,"Gibbula nivosa A.Adams, 1853","EXACT",1039848,"unavailable"
715999,"Alisma wahlenbergii","Alisma wahlenbergii","Baltic water-plantain","urn:lsid:marinespecies.org:taxname:715999","exact",715999,"Species","HD","2",NA,"accepted",NA,NA,NA,NA,NA,NA,NA,NA,NA,"Plantae","Tracheophyta","Magnoliopsida","Alismatales","Alismataceae",NA,NA,NA,NA,NA,NA,NA,NA,NA,2865134,"Alisma wahlenbergii (Holmb.) Juz.","EXACT",715999,"unavailable"
282185,"Pelecus cultratus","Pelecus cultratus","Ziege","urn:lsid:marinespecies.org:taxname:282185","exact",282185,"Species","HD","5",NA,"accepted",NA,NA,NA,NA,NA,NA,NA,NA,NA,"Animalia","Chordata","Teleostei","Cypriniformes","Cyprinidae",NA,NA,NA,NA,NA,NA,NA,NA,NA,2367038,"Pelecus cultratus (Linnaeus, 1758)","EXACT",282185,"unavailable"
140679,"Patella ferruginea","Patella ferruginea","Ferruginous limpet","urn:lsid:marinespecies.org:taxname:140679","exact",140679,"Species","HD","5",NA,"accepted",NA,NA,NA,NA,NA,NA,NA,NA,NA,"Animalia","Mollusca","Gastropoda",NA,"Patellidae",NA,NA,NA,NA,NA,NA,NA,NA,NA,5728503,"Patella ferruginea Gmelin, 1791","EXACT",140679,"unavailable"
140459,"Lithophaga lithophaga","Lithophaga lithophaga","Date mussel","urn:lsid:marinespecies.org:taxname:140459","exact",140459,"Species","HD","5",NA,"accepted",NA,NA,NA,NA,NA,NA,NA,NA,NA,"Animalia","Mollusca","Bivalvia","Mytilida","Mytilidae",NA,NA,NA,NA,NA,NA,NA,NA,NA,4374632,"Lithophaga lithophaga (Linnaeus, 1758)","EXACT",140459,"available"
140780,"Pinna nobilis","Pinna nobilis","Noble pen shell","urn:lsid:marinespecies.org:taxname:140780","exact",140780,"Species","HD","5",NA,"accepted",NA,NA,NA,NA,NA,NA,NA,NA,NA,"Animalia","Mollusca","Bivalvia","Ostreida","Pinnidae",NA,NA,NA,NA,NA,NA,NA,NA,NA,4374731,"Pinna nobilis Linnaeus, 1758","EXACT",140780,"available"
159021,"Pusa hispida","Phoca hispida",NA,NA,"exact",NA,"Species",NA,NA,NA,"accepted",NA,NA,NA,NA,NA,NA,NA,NA,NA,"Animalia","Chordata","Mammalia","Carnivora","Phocidae",NA,NA,NA,NA,NA,NA,NA,NA,NA,5219369,"Pusa hispida (Schreber, 1775)","EXACT",159021,"available"
137086,"Balaena mysticetus",NA,NA,NA,"exact",NA,"Species",NA,NA,NA,"accepted",137012,"https://www.marinespecies.org/aphia.php?p=taxdetails&id=137086","Linnaeus, 1758",NA,220,137086,"Balaena mysticetus","Linnaeus, 1758",137012,"Animalia","Chordata","Mammalia","Cetartiodactyla","Balaenidae","Balaena","Fordyce, E.; Perrin, W.F. (2024). World Cetacea Database. Balaena mysticetus Linnaeus, 1758. Accessed through: World Register of Marine Species at: https://www.marinespecies.org/aphia.php?p=taxdetails&id=137086 on 2024-04-02","urn:lsid:marinespecies.org:taxname:137086",1,NA,NA,0,NA,"2008-08-20T11:25:36.853Z",2440330,"Balaena mysticetus Linnaeus, 1758","EXACT",137086,"unavailable"
220222,"Eubalaena australis",NA,NA,NA,"exact",NA,"Species",NA,NA,NA,"accepted",159022,"https://www.marinespecies.org/aphia.php?p=taxdetails&id=220222","(Desmoulins, 1822)",NA,220,220222,"Eubalaena australis","(Desmoulins, 1822)",159022,"Animalia","Chordata","Mammalia","Cetartiodactyla","Balaenidae","Eubalaena","Fordyce, E.; Perrin, W.F. (2024). World Cetacea Database. Eubalaena australis (Desmoulins, 1822). Accessed through: World Register of Marine Species at: https://www.marinespecies.org/aphia.php?p=taxdetails&id=220222 on 2024-04-02","urn:lsid:marinespecies.org:taxname:220222",1,0,0,0,NA,"2008-08-20T11:25:36.853Z",2440332,"Eubalaena australis (Desmoulins, 1822)","EXACT",220222,"available"
159023,"Eubalaena glacialis",NA,NA,NA,"exact",NA,"Species",NA,NA,NA,"accepted",159022,"https://www.marinespecies.org/aphia.php?p=taxdetails&id=159023","(Müller, 1776)",NA,220,159023,"Eubalaena glacialis","(Müller, 1776)",159022,"Animalia","Chordata","Mammalia","Cetartiodactyla","Balaenidae","Eubalaena","Fordyce, E.; Perrin, W.F. (2024). World Cetacea Database. Eubalaena glacialis (Müller, 1776). Accessed through: World Register of Marine Species at: https://www.marinespecies.org/aphia.php?p=taxdetails&id=159023 on 2024-04-02","urn:lsid:marinespecies.org:taxname:159023",1,NA,NA,0,NA,"2009-03-27T18:47:43.400Z",2440339,"Eubalaena glacialis (Müller, 1776)","EXACT",159023,"unavailable"
254974,"Eubalaena japonica",NA,NA,NA,"exact",NA,"Species",NA,NA,NA,"accepted",159022,"https://www.marinespecies.org/aphia.php?p=taxdetails&id=254974","(Lacépède, 1818)",NA,220,254974,"Eubalaena japonica","(Lacépède, 1818)",159022,"Animalia","Chordata","Mammalia","Cetartiodactyla","Balaenidae","Eubalaena","Fordyce, E.; Perrin, W.F. (2024). World Cetacea Database. Eubalaena japonica (Lacépède, 1818). Accessed through: World Register of Marine Species at: https://www.marinespecies.org/aphia.php?p=taxdetails&id=254974 on 2024-04-02","urn:lsid:marinespecies.org:taxname:254974",1,NA,NA,0,NA,"2008-08-20T11:25:36.853Z",9747921,"Eubalaena japonica (Lacépède, 1818)","EXACT",254974,"available"
137087,"Balaenoptera acutorostrata",NA,NA,NA,"exact",NA,"Species",NA,NA,NA,"accepted",137013,"https://www.marinespecies.org/aphia.php?p=taxdetails&id=137087","Lacépède, 1804",NA,220,137087,"Balaenoptera acutorostrata","Lacépède, 1804",137013,"Animalia","Chordata","Mammalia","Cetartiodactyla","Balaenopteridae","Balaenoptera","Fordyce, E.; Perrin, W.F. (2024). World Cetacea Database. Balaenoptera acutorostrata Lacépède, 1804. Accessed through: World Register of Marine Species at: https://www.marinespecies.org/aphia.php?p=taxdetails&id=137087 on 2024-04-02","urn:lsid:marinespecies.org:taxname:137087",1,NA,NA,0,NA,"2008-08-20T11:25:36.853Z",2440728,"Balaenoptera acutorostrata Lacépède, 1804","EXACT",137087,"unavailable"
231405,"Balaenoptera bonaerensis",NA,NA,NA,"exact",NA,"Species",NA,NA,NA,"accepted",137013,"https://www.marinespecies.org/aphia.php?p=taxdetails&id=231405","Burmeister, 1867",NA,220,231405,"Balaenoptera bonaerensis","Burmeister, 1867",137013,"Animalia","Chordata","Mammalia","Cetartiodactyla","Balaenopteridae","Balaenoptera","Fordyce, E.; Perrin, W.F. (2024). World Cetacea Database. Balaenoptera bonaerensis Burmeister, 1867. Accessed through: World Register of Marine Species at: https://www.marinespecies.org/aphia.php?p=taxdetails&id=231405 on 2024-04-02","urn:lsid:marinespecies.org:taxname:231405",1,NA,NA,0,NA,"2008-08-20T11:25:36.853Z",7759914,"Balaenoptera bonaerensis Burmeister, 1867","EXACT",231405,"available"
137088,"Balaenoptera borealis",NA,NA,NA,"exact",NA,"Species",NA,NA,NA,"accepted",137013,"https://www.marinespecies.org/aphia.php?p=taxdetails&id=137088","Lesson, 1828",NA,220,137088,"Balaenoptera borealis","Lesson, 1828",137013,"Animalia","Chordata","Mammalia","Cetartiodactyla","Balaenopteridae","Balaenoptera","Fordyce, E.; Perrin, W.F. (2024). World Cetacea Database. Balaenoptera borealis Lesson, 1828. Accessed through: World Register of Marine Species at: https://www.marinespecies.org/aphia.php?p=taxdetails&id=137088 on 2024-04-02","urn:lsid:marinespecies.org:taxname:137088",1,NA,NA,0,NA,"2008-08-20T11:25:36.853Z",2440709,"Balaenoptera borealis Lesson, 1828","EXACT",137088,"unavailable"
137089,"Balaenoptera edeni",NA,NA,NA,"exact",NA,"Species",NA,NA,NA,"accepted",137013,"https://www.marinespecies.org/aphia.php?p=taxdetails&id=137089","Anderson, 1878",NA,220,137089,"Balaenoptera edeni","Anderson, 1878",137013,"Animalia","Chordata","Mammalia","Cetartiodactyla","Balaenopteridae","Balaenoptera","Fordyce, E.; Perrin, W.F. (2024). World Cetacea Database. Balaenoptera edeni Anderson, 1878. Accessed through: World Register of Marine Species at: https://www.marinespecies.org/aphia.php?p=taxdetails&id=137089 on 2024-04-02","urn:lsid:marinespecies.org:taxname:137089",1,NA,NA,0,NA,"2009-03-19T19:56:16.150Z",2440714,"Balaenoptera edeni Anderson, 1879","EXACT",137089,"unavailable"
137090,"Balaenoptera musculus",NA,NA,NA,"exact",NA,"Species",NA,NA,NA,"accepted",137013,"https://www.marinespecies.org/aphia.php?p=taxdetails&id=137090","(Linnaeus, 1758)",NA,220,137090,"Balaenoptera musculus","(Linnaeus, 1758)",137013,"Animalia","Chordata","Mammalia","Cetartiodactyla","Balaenopteridae","Balaenoptera","Fordyce, E.; Perrin, W.F. (2024). World Cetacea Database. Balaenoptera musculus (Linnaeus, 1758). Accessed through: World Register of Marine Species at: https://www.marinespecies.org/aphia.php?p=taxdetails&id=137090 on 2024-04-02","urn:lsid:marinespecies.org:taxname:137090",1,NA,NA,0,NA,"2008-08-20T11:25:36.853Z",2440735,"Balaenoptera musculus (Linnaeus, 1758)","EXACT",137090,"unavailable"
343896,"Balaenoptera omurai",NA,NA,NA,"exact",NA,"Species",NA,NA,NA,"accepted",137013,"https://www.marinespecies.org/aphia.php?p=taxdetails&id=343896","Wada, Oishi & Yamada, 2003",NA,220,343896,"Balaenoptera omurai","Wada, Oishi & Yamada, 2003",137013,"Animalia","Chordata","Mammalia","Cetartiodactyla","Balaenopteridae","Balaenoptera","Fordyce, E.; Perrin, W.F. (2024). World Cetacea Database. Balaenoptera omurai Wada, Oishi & Yamada, 2003. Accessed through: World Register of Marine Species at: https://www.marinespecies.org/aphia.php?p=taxdetails&id=343896 on 2024-04-02","urn:lsid:marinespecies.org:taxname:343896",1,NA,NA,0,NA,"2008-08-20T11:25:36.853Z",2440734,"Balaenoptera omurai Wada, Oishi & Yamada, 2003","EXACT",343896,"unavailable"
137091,"Balaenoptera physalus",NA,NA,NA,"exact",NA,"Species",NA,NA,NA,"accepted",137013,"https://www.marinespecies.org/aphia.php?p=taxdetails&id=137091","(Linnaeus, 1758)",NA,220,137091,"Balaenoptera physalus","(Linnaeus, 1758)",137013,"Animalia","Chordata","Mammalia","Cetartiodactyla","Balaenopteridae","Balaenoptera","Fordyce, E.; Perrin, W.F. (2024). World Cetacea Database. Balaenoptera physalus (Linnaeus, 1758). Accessed through: World Register of Marine Species at: https://www.marinespecies.org/aphia.php?p=taxdetails&id=137091 on 2024-04-02","urn:lsid:marinespecies.org:taxname:137091",1,NA,NA,0,NA,"2008-08-20T11:25:36.853Z",2440718,"Balaenoptera physalus (Linnaeus, 1758)","EXACT",137091,"unavailable"
1576133,"Balaenoptera ricei",NA,NA,NA,"exact",NA,"Species",NA,NA,NA,"accepted",137013,"https://www.marinespecies.org/aphia.php?p=taxdetails&id=1576133","Rosel, Wilcox, Yamada & Mullin, 2021",NA,220,1576133,"Balaenoptera ricei","Rosel, Wilcox, Yamada & Mullin, 2021",137013,"Animalia","Chordata","Mammalia","Cetartiodactyla","Balaenopteridae","Balaenoptera","Fordyce, E.; Perrin, W.F. (2024). World Cetacea Database. Balaenoptera ricei Rosel, Wilcox, Yamada & Mullin, 2021. Accessed through: World Register of Marine Species at: https://www.marinespecies.org/aphia.php?p=taxdetails&id=1576133 on 2024-04-02","urn:lsid:marinespecies.org:taxname:1576133",1,0,0,0,NA,"2022-04-11T08:04:31.177Z",10840490,"Balaenoptera ricei Rosel, Wilcox, Yamada & Mullin, 2021","EXACT",1576133,"unavailable"
137092,"Megaptera novaeangliae",NA,NA,NA,"exact",NA,"Species",NA,NA,NA,"accepted",137014,"https://www.marinespecies.org/aphia.php?p=taxdetails&id=137092","(Borowski, 1781)",NA,220,137092,"Megaptera novaeangliae","(Borowski, 1781)",137014,"Animalia","Chordata","Mammalia","Cetartiodactyla","Balaenopteridae","Megaptera","Fordyce, E.; Perrin, W.F. (2024). World Cetacea Database. Megaptera novaeangliae (Borowski, 1781). Accessed through: World Register of Marine Species at: https://www.marinespecies.org/aphia.php?p=taxdetails&id=137092 on 2024-04-02","urn:lsid:marinespecies.org:taxname:137092",1,NA,NA,0,NA,"2008-08-20T11:25:36.853Z",5220086,"Megaptera novaeangliae (Borowski, 1781)","EXACT",137092,"unavailable"
137112,"Eschrichtius robustus",NA,NA,NA,"exact",NA,"Species",NA,NA,NA,"accepted",137027,"https://www.marinespecies.org/aphia.php?p=taxdetails&id=137112","(Lilljeborg, 1861)",NA,220,137112,"Eschrichtius robustus","(Lilljeborg, 1861)",137027,"Animalia","Chordata","Mammalia","Cetartiodactyla","Eschrichtiidae","Eschrichtius","Fordyce, E.; Perrin, W.F. (2024). World Cetacea Database. Eschrichtius robustus (Lilljeborg, 1861). Accessed through: World Register of Marine Species at: https://www.marinespecies.org/aphia.php?p=taxdetails&id=137112 on 2024-04-02","urn:lsid:marinespecies.org:taxname:137112",1,NA,NA,0,NA,"2008-08-20T11:25:36.853Z",2440704,"Eschrichtius robustus (Lilljeborg, 1861)","EXACT",137112,"available"
231424,"Caperea marginata",NA,NA,NA,"exact",NA,"Species",NA,NA,NA,"accepted",231388,"https://www.marinespecies.org/aphia.php?p=taxdetails&id=231424","(Gray, 1846)",NA,220,231424,"Caperea marginata","(Gray, 1846)",231388,"Animalia","Chordata","Mammalia","Cetartiodactyla","Neobalaenidae","Caperea","Fordyce, E.; Perrin, W.F. (2024). World Cetacea Database. Caperea marginata (Gray, 1846). Accessed through: World Register of Marine Species at: https://www.marinespecies.org/aphia.php?p=taxdetails&id=231424 on 2024-04-02","urn:lsid:marinespecies.org:taxname:231424",1,NA,NA,0,NA,"2008-08-20T11:25:36.853Z",2440310,"Caperea marginata (Gray, 1846)","EXACT",231424,"available"
254976,"Cephalorhynchus commersonii",NA,NA,NA,"exact",NA,"Species",NA,NA,NA,"accepted",231403,"https://www.marinespecies.org/aphia.php?p=taxdetails&id=254976","(Lacépède, 1804)",NA,220,254976,"Cephalorhynchus commersonii","(Lacépède, 1804)",231403,"Animalia","Chordata","Mammalia","Cetartiodactyla","Delphinidae","Cephalorhynchus","Fordyce, E.; Perrin, W.F. (2024). World Cetacea Database. Cephalorhynchus commersonii (Lacépède, 1804). Accessed through: World Register of Marine Species at: https://www.marinespecies.org/aphia.php?p=taxdetails&id=254976 on 2024-04-02","urn:lsid:marinespecies.org:taxname:254976",1,NA,NA,0,NA,"2008-08-20T11:25:36.853Z",8697392,"Cephalorhynchus commersonii (Lacépède, 1804)","EXACT",254976,"available"
254977,"Cephalorhynchus eutropia",NA,NA,NA,"exact",NA,"Species",NA,NA,NA,"accepted",231403,"https://www.marinespecies.org/aphia.php?p=taxdetails&id=254977","Gray, 1846",NA,220,254977,"Cephalorhynchus eutropia","Gray, 1846",231403,"Animalia","Chordata","Mammalia","Cetartiodactyla","Delphinidae","Cephalorhynchus","Fordyce, E.; Perrin, W.F. (2024). World Cetacea Database. Cephalorhynchus eutropia Gray, 1846. Accessed through: World Register of Marine Species at: https://www.marinespecies.org/aphia.php?p=taxdetails&id=254977 on 2024-04-02","urn:lsid:marinespecies.org:taxname:254977",1,0,0,0,NA,"2008-08-20T11:25:36.853Z",5220042,"Cephalorhynchus eutropia (Gray, 1846)","EXACT",254977,"available"
254978,"Cephalorhynchus heavisidii",NA,NA,NA,"exact",NA,"Species",NA,NA,NA,"accepted",231403,"https://www.marinespecies.org/aphia.php?p=taxdetails&id=254978","(Gray, 1828)",NA,220,254978,"Cephalorhynchus heavisidii","(Gray, 1828)",231403,"Animalia","Chordata","Mammalia","Cetartiodactyla","Delphinidae","Cephalorhynchus","Fordyce, E.; Perrin, W.F. (2024). World Cetacea Database. Cephalorhynchus heavisidii (Gray, 1828). Accessed through: World Register of Marine Species at: https://www.marinespecies.org/aphia.php?p=taxdetails&id=254978 on 2024-04-02","urn:lsid:marinespecies.org:taxname:254978",1,0,0,0,NA,"2008-08-20T11:25:36.853Z",5220041,"Cephalorhynchus heavisidii (Gray, 1828)","EXACT",254978,"available"
254979,"Cephalorhynchus hectori",NA,NA,NA,"exact",NA,"Species",NA,NA,NA,"accepted",231403,"https://www.marinespecies.org/aphia.php?p=taxdetails&id=254979","(P. J. Van Beneden, 1881)",NA,220,254979,"Cephalorhynchus hectori","(P. J. Van Beneden, 1881)",231403,"Animalia","Chordata","Mammalia","Cetartiodactyla","Delphinidae","Cephalorhynchus","Fordyce, E.; Perrin, W.F. (2024). World Cetacea Database. Cephalorhynchus hectori (P. J. Van Beneden, 1881). Accessed through: World Register of Marine Species at: https://www.marinespecies.org/aphia.php?p=taxdetails&id=254979 on 2024-04-02","urn:lsid:marinespecies.org:taxname:254979",1,0,0,0,NA,"2009-03-24T17:08:13.070Z",5220033,"Cephalorhynchus hectori (P.-J.van Bénéden, 1881)","EXACT",254979,"available"
137095,"Feresa attenuata",NA,NA,NA,"exact",NA,"Species",NA,NA,NA,"accepted",137016,"https://www.marinespecies.org/aphia.php?p=taxdetails&id=137095","Gray, 1874",NA,220,137095,"Feresa attenuata","Gray, 1874",137016,"Animalia","Chordata","Mammalia","Cetartiodactyla","Delphinidae","Feresa","Fordyce, E.; Perrin, W.F. (2024). World Cetacea Database. Feresa attenuata Gray, 1874. Accessed through: World Register of Marine Species at: https://www.marinespecies.org/aphia.php?p=taxdetails&id=137095 on 2024-04-02","urn:lsid:marinespecies.org:taxname:137095",1,NA,NA,0,NA,"2008-08-20T11:25:36.853Z",2440530,"Feresa attenuata Gray, 1874","EXACT",137095,"available"
137096,"Globicephala macrorhynchus",NA,NA,NA,"exact",NA,"Species",NA,NA,NA,"accepted",137017,"https://www.marinespecies.org/aphia.php?p=taxdetails&id=137096","Gray, 1846",NA,220,137096,"Globicephala macrorhynchus","Gray, 1846",137017,"Animalia","Chordata","Mammalia","Cetartiodactyla","Delphinidae","Globicephala","Fordyce, E.; Perrin, W.F. (2024). World Cetacea Database. Globicephala macrorhynchus Gray, 1846. Accessed through: World Register of Marine Species at: https://www.marinespecies.org/aphia.php?p=taxdetails&id=137096 on 2024-04-02","urn:lsid:marinespecies.org:taxname:137096",1,NA,NA,0,NA,"2008-08-20T11:25:36.853Z",2440605,"Globicephala macrorhynchus Gray, 1846","EXACT",137096,"unavailable"
137097,"Globicephala melas",NA,NA,NA,"exact",NA,"Species",NA,NA,NA,"accepted",137017,"https://www.marinespecies.org/aphia.php?p=taxdetails&id=137097","(Traill, 1809)",NA,220,137097,"Globicephala melas","(Traill, 1809)",137017,"Animalia","Chordata","Mammalia","Cetartiodactyla","Delphinidae","Globicephala","Fordyce, E.; Perrin, W.F. (2024). World Cetacea Database. Globicephala melas (Traill, 1809). Accessed through: World Register of Marine Species at: https://www.marinespecies.org/aphia.php?p=taxdetails&id=137097 on 2024-04-02","urn:lsid:marinespecies.org:taxname:137097",1,NA,NA,0,NA,"2008-08-20T11:25:36.853Z",2440596,"Globicephala melas (Traill, 1809)","EXACT",137097,"unavailable"
137098,"Grampus griseus",NA,NA,NA,"exact",NA,"Species",NA,NA,NA,"accepted",137018,"https://www.marinespecies.org/aphia.php?p=taxdetails&id=137098","(G. Cuvier, 1812)",NA,220,137098,"Grampus griseus","(G. Cuvier, 1812)",137018,"Animalia","Chordata","Mammalia","Cetartiodactyla","Delphinidae","Grampus","Fordyce, E.; Perrin, W.F. (2024). World Cetacea Database. Grampus griseus (G. Cuvier, 1812). Accessed through: World Register of Marine Species at: https://www.marinespecies.org/aphia.php?p=taxdetails&id=137098 on 2024-04-02","urn:lsid:marinespecies.org:taxname:137098",1,NA,NA,0,NA,"2009-04-01T16:57:11.507Z",5220027,"Grampus griseus (G.Cuvier, 1812)","EXACT",137098,"unavailable"
137099,"Lagenodelphis hosei",NA,NA,NA,"exact",NA,"Species",NA,NA,NA,"accepted",137019,"https://www.marinespecies.org/aphia.php?p=taxdetails&id=137099","Fraser, 1956",NA,220,137099,"Lagenodelphis hosei","Fraser, 1956",137019,"Animalia","Chordata","Mammalia","Cetartiodactyla","Delphinidae","Lagenodelphis","Fordyce, E.; Perrin, W.F. (2024). World Cetacea Database. Lagenodelphis hosei Fraser, 1956. Accessed through: World Register of Marine Species at: https://www.marinespecies.org/aphia.php?p=taxdetails&id=137099 on 2024-04-02","urn:lsid:marinespecies.org:taxname:137099",1,NA,NA,0,NA,"2008-08-20T11:25:36.853Z",2440493,"Lagenodelphis hosei Fraser, 1956","EXACT",137099,"unavailable"
137101,"Lagenorhynchus albirostris",NA,NA,NA,"exact",NA,"Species",NA,NA,NA,"accepted",137020,"https://www.marinespecies.org/aphia.php?p=taxdetails&id=137101","Gray, 1846",NA,220,137101,"Lagenorhynchus albirostris","Gray, 1846",137020,"Animalia","Chordata","Mammalia","Cetartiodactyla","Delphinidae","Lagenorhynchus","Fordyce, E.; Perrin, W.F. (2024). World Cetacea Database. Lagenorhynchus albirostris Gray, 1846. Accessed through: World Register of Marine Species at: https://www.marinespecies.org/aphia.php?p=taxdetails&id=137101 on 2024-04-02","urn:lsid:marinespecies.org:taxname:137101",1,NA,0,0,NA,"2022-03-21T10:10:07.333Z",5220081,"Lagenorhynchus albirostris (Gray, 1846)","EXACT",137101,"unavailable"
231434,"Lagenorhynchus obscurus",NA,NA,NA,"exact",NA,"Species",NA,NA,NA,"accepted",137020,"https://www.marinespecies.org/aphia.php?p=taxdetails&id=231434","(Gray, 1828)",NA,220,231434,"Lagenorhynchus obscurus","(Gray, 1828)",137020,"Animalia","Chordata","Mammalia","Cetartiodactyla","Delphinidae","Lagenorhynchus","Fordyce, E.; Perrin, W.F. (2024). World Cetacea Database. Lagenorhynchus obscurus (Gray, 1828). Accessed through: World Register of Marine Species at: https://www.marinespecies.org/aphia.php?p=taxdetails&id=231434 on 2024-04-02","urn:lsid:marinespecies.org:taxname:231434",1,NA,NA,0,NA,"2009-04-03T15:24:11.800Z",5220077,"Lagenorhynchus obscurus (Gray, 1828)","EXACT",231434,"available"
254975,"Lissodelphis borealis",NA,NA,NA,"exact",NA,"Species",NA,NA,NA,"accepted",231400,"https://www.marinespecies.org/aphia.php?p=taxdetails&id=254975","(Peale, 1848)",NA,220,254975,"Lissodelphis borealis","(Peale, 1848)",231400,"Animalia","Chordata","Mammalia","Cetartiodactyla","Delphinidae","Lissodelphis","Fordyce, E.; Perrin, W.F. (2024). World Cetacea Database. Lissodelphis borealis (Peale, 1848). Accessed through: World Register of Marine Species at: https://www.marinespecies.org/aphia.php?p=taxdetails&id=254975 on 2024-04-02","urn:lsid:marinespecies.org:taxname:254975",1,NA,NA,0,NA,"2008-08-20T11:25:36.853Z",2440467,"Lissodelphis borealis (Peale, 1848)","EXACT",254975,"available"
231414,"Lissodelphis peronii",NA,NA,NA,"exact",NA,"Species",NA,NA,NA,"accepted",231400,"https://www.marinespecies.org/aphia.php?p=taxdetails&id=231414","(Lacépède, 1804)",NA,220,231414,"Lissodelphis peronii","(Lacépède, 1804)",231400,"Animalia","Chordata","Mammalia","Cetartiodactyla","Delphinidae","Lissodelphis","Fordyce, E.; Perrin, W.F. (2024). World Cetacea Database. Lissodelphis peronii (Lacépède, 1804). Accessed through: World Register of Marine Species at: https://www.marinespecies.org/aphia.php?p=taxdetails&id=231414 on 2024-04-02","urn:lsid:marinespecies.org:taxname:231414",1,NA,NA,0,NA,"2008-08-20T11:25:36.853Z",2440464,"Lissodelphis peronii (Lacépède, 1804)","EXACT",231414,"available"
137113,"Kogia breviceps",NA,NA,NA,"exact",NA,"Species",NA,NA,NA,"accepted",159024,"https://www.marinespecies.org/aphia.php?p=taxdetails&id=137113","(de Blainville, 1838)",NA,220,137113,"Kogia breviceps","(de Blainville, 1838)",159024,"Animalia","Chordata","Mammalia","Cetartiodactyla","Kogiidae","Kogia","Fordyce, E.; Perrin, W.F. (2024). World Cetacea Database. Kogia breviceps (de Blainville, 1838). Accessed through: World Register of Marine Species at: https://www.marinespecies.org/aphia.php?p=taxdetails&id=137113 on 2024-04-02","urn:lsid:marinespecies.org:taxname:137113",1,0,0,0,NA,"2008-08-20T11:25:36.853Z",2440694,"Kogia breviceps (Blainville, 1838)","EXACT",137113,"unavailable"
159025,"Kogia sima",NA,NA,NA,"exact",NA,"Species",NA,NA,NA,"accepted",159024,"https://www.marinespecies.org/aphia.php?p=taxdetails&id=159025","(Owen, 1866)",NA,220,159025,"Kogia sima","(Owen, 1866)",159024,"Animalia","Chordata","Mammalia","Cetartiodactyla","Kogiidae","Kogia","Fordyce, E.; Perrin, W.F. (2024). World Cetacea Database. Kogia sima (Owen, 1866). Accessed through: World Register of Marine Species at: https://www.marinespecies.org/aphia.php?p=taxdetails&id=159025 on 2024-04-02","urn:lsid:marinespecies.org:taxname:159025",1,NA,NA,0,NA,"2008-08-20T11:25:36.853Z",2440691,"Kogia sima (Owen, 1866)","EXACT",159025,"unavailable"
137115,"Delphinapterus leucas",NA,NA,NA,"exact",NA,"Species",NA,NA,NA,"accepted",137029,"https://www.marinespecies.org/aphia.php?p=taxdetails&id=137115","(Pallas, 1776)",NA,220,137115,"Delphinapterus leucas","(Pallas, 1776)",137029,"Animalia","Chordata","Mammalia","Cetartiodactyla","Monodontidae","Delphinapterus","Fordyce, E.; Perrin, W.F. (2024). World Cetacea Database. Delphinapterus leucas (Pallas, 1776). Accessed through: World Register of Marine Species at: https://www.marinespecies.org/aphia.php?p=taxdetails&id=137115 on 2024-04-02","urn:lsid:marinespecies.org:taxname:137115",1,1,1,0,NA,"2009-03-11T12:36:54.227Z",5220003,"Delphinapterus leucas (Pallas, 1776)","EXACT",137115,"available"
137116,"Monodon monoceros",NA,NA,NA,"exact",NA,"Species",NA,NA,NA,"accepted",137030,"https://www.marinespecies.org/aphia.php?p=taxdetails&id=137116","Linnaeus, 1758",NA,220,137116,"Monodon monoceros","Linnaeus, 1758",137030,"Animalia","Chordata","Mammalia","Cetartiodactyla","Monodontidae","Monodon","Fordyce, E.; Perrin, W.F. (2024). World Cetacea Database. Monodon monoceros Linnaeus, 1758. Accessed through: World Register of Marine Species at: https://www.marinespecies.org/aphia.php?p=taxdetails&id=137116 on 2024-04-02","urn:lsid:marinespecies.org:taxname:137116",1,NA,NA,0,NA,"2008-08-20T11:25:36.853Z",5220008,"Monodon monoceros Linnaeus, 1758","EXACT",137116,"unavailable"
446125,"Neophocaena asiaeorientalis",NA,NA,NA,"exact",NA,"Species",NA,NA,NA,"accepted",254984,"https://www.marinespecies.org/aphia.php?p=taxdetails&id=446125","Pilleri & Gihr, 1972",NA,220,446125,"Neophocaena asiaeorientalis","Pilleri & Gihr, 1972",254984,"Animalia","Chordata","Mammalia","Cetartiodactyla","Phocoenidae","Neophocaena","Fordyce, E.; Perrin, W.F. (2024). World Cetacea Database. Neophocaena asiaeorientalis Pilleri & Gihr, 1972. Accessed through: World Register of Marine Species at: https://www.marinespecies.org/aphia.php?p=taxdetails&id=446125 on 2024-04-02","urn:lsid:marinespecies.org:taxname:446125",1,1,1,0,NA,"2009-12-31T18:14:43.750Z",4352040,"Neophocaena asiaeorientalis (Pilleri & Gihr, 1972)","EXACT",446125,"available"
254985,"Neophocaena phocaenoides",NA,NA,NA,"exact",NA,"Species",NA,NA,NA,"accepted",254984,"https://www.marinespecies.org/aphia.php?p=taxdetails&id=254985","(Cuvier, 1829)",NA,220,254985,"Neophocaena phocaenoides","(Cuvier, 1829)",254984,"Animalia","Chordata","Mammalia","Cetartiodactyla","Phocoenidae","Neophocaena","Fordyce, E.; Perrin, W.F. (2024). World Cetacea Database. Neophocaena phocaenoides (Cuvier, 1829). Accessed through: World Register of Marine Species at: https://www.marinespecies.org/aphia.php?p=taxdetails&id=254985 on 2024-04-02","urn:lsid:marinespecies.org:taxname:254985",1,1,1,0,NA,"2009-03-11T12:36:54.227Z",2440656,"Neophocaena phocaenoides (G.Cuvier, 1829)","EXACT",254985,"available"
254971,"Phocoena dioptrica",NA,NA,NA,"exact",NA,"Species",NA,NA,NA,"accepted",137031,"https://www.marinespecies.org/aphia.php?p=taxdetails&id=254971","Lahille, 1912",NA,220,254971,"Phocoena dioptrica","Lahille, 1912",137031,"Animalia","Chordata","Mammalia","Cetartiodactyla","Phocoenidae","Phocoena","Fordyce, E.; Perrin, W.F. (2024). World Cetacea Database. Phocoena dioptrica Lahille, 1912. Accessed through: World Register of Marine Species at: https://www.marinespecies.org/aphia.php?p=taxdetails&id=254971 on 2024-04-02","urn:lsid:marinespecies.org:taxname:254971",1,NA,NA,0,NA,"2011-04-26T15:35:34.850Z",2440679,"Phocoena dioptrica Lahille, 1912","EXACT",254971,"available"
343897,"Phocoena sinus",NA,NA,NA,"exact",NA,"Species",NA,NA,NA,"accepted",137031,"https://www.marinespecies.org/aphia.php?p=taxdetails&id=343897","Norris & McFarland, 1958",NA,220,343897,"Phocoena sinus","Norris & McFarland, 1958",137031,"Animalia","Chordata","Mammalia","Cetartiodactyla","Phocoenidae","Phocoena","Fordyce, E.; Perrin, W.F. (2024). World Cetacea Database. Phocoena sinus Norris & McFarland, 1958. Accessed through: World Register of Marine Species at: https://www.marinespecies.org/aphia.php?p=taxdetails&id=343897 on 2024-04-02","urn:lsid:marinespecies.org:taxname:343897",1,NA,NA,0,NA,"2008-08-20T11:25:36.853Z",2440665,"Phocoena sinus Norris & McFarland, 1958","EXACT",343897,"unavailable"
343898,"Phocoena spinipinnis",NA,NA,NA,"exact",NA,"Species",NA,NA,NA,"accepted",137031,"https://www.marinespecies.org/aphia.php?p=taxdetails&id=343898","(Burmeister, 1865)",NA,220,343898,"Phocoena spinipinnis","(Burmeister, 1865)",137031,"Animalia","Chordata","Mammalia","Cetartiodactyla","Phocoenidae","Phocoena","Fordyce, E.; Perrin, W.F. (2024). World Cetacea Database. Phocoena spinipinnis (Burmeister, 1865). Accessed through: World Register of Marine Species at: https://www.marinespecies.org/aphia.php?p=taxdetails&id=343898 on 2024-04-02","urn:lsid:marinespecies.org:taxname:343898",1,NA,NA,0,NA,"2008-08-20T11:25:36.853Z",2440666,"Phocoena spinipinnis Burmeister, 1865","EXACT",343898,"available"
254987,"Phocoenoides dalli",NA,NA,NA,"exact",NA,"Species",NA,NA,NA,"accepted",254986,"https://www.marinespecies.org/aphia.php?p=taxdetails&id=254987","(True, 1885)",NA,220,254987,"Phocoenoides dalli","(True, 1885)",254986,"Animalia","Chordata","Mammalia","Cetartiodactyla","Phocoenidae","Phocoenoides","Fordyce, E.; Perrin, W.F. (2024). World Cetacea Database. Phocoenoides dalli (True, 1885). Accessed through: World Register of Marine Species at: https://www.marinespecies.org/aphia.php?p=taxdetails&id=254987 on 2024-04-02","urn:lsid:marinespecies.org:taxname:254987",1,NA,NA,0,NA,"2008-08-20T11:25:36.853Z",2440684,"Phocoenoides dalli (True, 1885)","EXACT",254987,"available"
137119,"Physeter macrocephalus",NA,NA,NA,"exact",NA,"Species",NA,NA,NA,"accepted",137032,"https://www.marinespecies.org/aphia.php?p=taxdetails&id=137119","Linnaeus, 1758",NA,220,137119,"Physeter macrocephalus","Linnaeus, 1758",137032,"Animalia","Chordata","Mammalia","Cetartiodactyla","Physeteridae","Physeter","Fordyce, E.; Perrin, W.F. (2024). World Cetacea Database. Physeter macrocephalus Linnaeus, 1758. Accessed through: World Register of Marine Species at: https://www.marinespecies.org/aphia.php?p=taxdetails&id=137119 on 2024-04-02","urn:lsid:marinespecies.org:taxname:137119",1,NA,NA,0,NA,"2009-01-06T23:07:05.240Z",8123917,"Physeter macrocephalus Linnaeus, 1758","EXACT",137119,"unavailable"
254964,"Pontoporia blainvillei",NA,NA,NA,"exact",NA,"Species",NA,NA,NA,"accepted",254963,"https://www.marinespecies.org/aphia.php?p=taxdetails&id=254964","(Gervais & d'Orbigny, 1844)",NA,220,254964,"Pontoporia blainvillei","(Gervais & d'Orbigny, 1844)",254963,"Animalia","Chordata","Mammalia","Cetartiodactyla","Pontoporiidae","Pontoporia","Fordyce, E.; Perrin, W.F. (2024). World Cetacea Database. Pontoporia blainvillei (Gervais & d'Orbigny, 1844). Accessed through: World Register of Marine Species at: https://www.marinespecies.org/aphia.php?p=taxdetails&id=254964 on 2024-04-02","urn:lsid:marinespecies.org:taxname:254964",1,1,NA,0,NA,"2009-03-11T12:36:54.227Z",5220001,"Pontoporia blainvillei (Gervais & d'Orbigny, 1844)","EXACT",254964,"available"
242606,"Berardius arnuxii",NA,NA,NA,"exact",NA,"Species",NA,NA,NA,"accepted",231402,"https://www.marinespecies.org/aphia.php?p=taxdetails&id=242606","Duvernoy, 1851",NA,220,242606,"Berardius arnuxii","Duvernoy, 1851",231402,"Animalia","Chordata","Mammalia","Cetartiodactyla","Ziphiidae","Berardius","Fordyce, E.; Perrin, W.F. (2024). World Cetacea Database. Berardius arnuxii Duvernoy, 1851. Accessed through: World Register of Marine Species at: https://www.marinespecies.org/aphia.php?p=taxdetails&id=242606 on 2024-04-02","urn:lsid:marinespecies.org:taxname:242606",1,0,0,0,NA,"2008-08-20T11:25:36.853Z",2440387,"Berardius arnuxii Duvernoy, 1851","EXACT",242606,"available"
242608,"Berardius bairdii",NA,NA,NA,"exact",NA,"Species",NA,NA,NA,"accepted",231402,"https://www.marinespecies.org/aphia.php?p=taxdetails&id=242608","Stejneger, 1883",NA,220,242608,"Berardius bairdii","Stejneger, 1883",231402,"Animalia","Chordata","Mammalia","Cetartiodactyla","Ziphiidae","Berardius","Fordyce, E.; Perrin, W.F. (2024). World Cetacea Database. Berardius bairdii Stejneger, 1883. Accessed through: World Register of Marine Species at: https://www.marinespecies.org/aphia.php?p=taxdetails&id=242608 on 2024-04-02","urn:lsid:marinespecies.org:taxname:242608",1,0,0,0,NA,"2008-08-20T11:25:36.853Z",2440388,"Berardius bairdii Stejneger, 1883","EXACT",242608,"available"
1576136,"Berardius minimus",NA,NA,NA,"exact",NA,"Species",NA,NA,NA,"accepted",231402,"https://www.marinespecies.org/aphia.php?p=taxdetails&id=1576136","Yamada, Kitamura, Abe, Tajima, Matsuda, Mead & Matsuishi, 2019",NA,220,1576136,"Berardius minimus","Yamada, Kitamura, Abe, Tajima, Matsuda, Mead & Matsuishi, 2019",231402,"Animalia","Chordata","Mammalia","Cetartiodactyla","Ziphiidae","Berardius","Fordyce, E.; Perrin, W.F. (2024). World Cetacea Database. Berardius minimus Yamada, Kitamura, Abe, Tajima, Matsuda, Mead & Matsuishi, 2019. Accessed through: World Register of Marine Species at: https://www.marinespecies.org/aphia.php?p=taxdetails&id=1576136 on 2024-04-02","urn:lsid:marinespecies.org:taxname:1576136",1,0,0,0,NA,"2022-04-11T08:04:31.177Z",10084033,"Berardius minimus Yamada, Kitamura & Matsuishi, 2019","EXACT",1576136,"unavailable"
343899,"Hyperoodon ampullatus",NA,NA,NA,"exact",NA,"Species",NA,NA,NA,"accepted",137033,"https://www.marinespecies.org/aphia.php?p=taxdetails&id=343899","(Forster, 1770)",NA,220,343899,"Hyperoodon ampullatus","(Forster, 1770)",137033,"Animalia","Chordata","Mammalia","Cetartiodactyla","Ziphiidae","Hyperoodon","Fordyce, E.; Perrin, W.F. (2024). World Cetacea Database. Hyperoodon ampullatus (Forster, 1770). Accessed through: World Register of Marine Species at: https://www.marinespecies.org/aphia.php?p=taxdetails&id=343899 on 2024-04-02","urn:lsid:marinespecies.org:taxname:343899",1,NA,NA,0,NA,"2009-04-01T16:57:11.507Z",5220013,"Hyperoodon ampullatus (Forster, 1770)","EXACT",343899,"unavailable"
343900,"Hyperoodon planifrons",NA,NA,NA,"exact",NA,"Species",NA,NA,NA,"accepted",137033,"https://www.marinespecies.org/aphia.php?p=taxdetails&id=343900","Flower, 1882",NA,220,343900,"Hyperoodon planifrons","Flower, 1882",137033,"Animalia","Chordata","Mammalia","Cetartiodactyla","Ziphiidae","Hyperoodon","Fordyce, E.; Perrin, W.F. (2024). World Cetacea Database. Hyperoodon planifrons Flower, 1882. Accessed through: World Register of Marine Species at: https://www.marinespecies.org/aphia.php?p=taxdetails&id=343900 on 2024-04-02","urn:lsid:marinespecies.org:taxname:343900",1,NA,NA,0,NA,"2014-01-10T17:38:16.597Z",5220011,"Hyperoodon planifrons Flower, 1882","EXACT",343900,"available"
231418,"Indopacetus pacificus",NA,NA,NA,"exact",NA,"Species",NA,NA,NA,"accepted",231387,"https://www.marinespecies.org/aphia.php?p=taxdetails&id=231418","(Longman, 1926)",NA,220,231418,"Indopacetus pacificus","(Longman, 1926)",231387,"Animalia","Chordata","Mammalia","Cetartiodactyla","Ziphiidae","Indopacetus","Fordyce, E.; Perrin, W.F. (2024). World Cetacea Database. Indopacetus pacificus (Longman, 1926). Accessed through: World Register of Marine Species at: https://www.marinespecies.org/aphia.php?p=taxdetails&id=231418 on 2024-04-02","urn:lsid:marinespecies.org:taxname:231418",1,NA,NA,0,NA,"2008-08-20T11:25:36.853Z",2440391,"Indopacetus pacificus (Longman, 1926)","EXACT",231418,"available"
137121,"Mesoplodon bidens",NA,NA,NA,"exact",NA,"Species",NA,NA,NA,"accepted",137034,"https://www.marinespecies.org/aphia.php?p=taxdetails&id=137121","(Sowerby, 1804)",NA,220,137121,"Mesoplodon bidens","(Sowerby, 1804)",137034,"Animalia","Chordata","Mammalia","Cetartiodactyla","Ziphiidae","Mesoplodon","Fordyce, E.; Perrin, W.F. (2024). World Cetacea Database. Mesoplodon bidens (Sowerby, 1804). Accessed through: World Register of Marine Species at: https://www.marinespecies.org/aphia.php?p=taxdetails&id=137121 on 2024-04-02","urn:lsid:marinespecies.org:taxname:137121",1,NA,NA,0,NA,"2008-08-20T11:25:36.853Z",2440412,"Mesoplodon bidens (Sowerby, 1804)","EXACT",137121,"unavailable"
231430,"Mesoplodon bowdoini",NA,NA,NA,"exact",NA,"Species",NA,NA,NA,"accepted",137034,"https://www.marinespecies.org/aphia.php?p=taxdetails&id=231430","Andrews, 1908",NA,220,231430,"Mesoplodon bowdoini","Andrews, 1908",137034,"Animalia","Chordata","Mammalia","Cetartiodactyla","Ziphiidae","Mesoplodon","Fordyce, E.; Perrin, W.F. (2024). World Cetacea Database. Mesoplodon bowdoini Andrews, 1908. Accessed through: World Register of Marine Species at: https://www.marinespecies.org/aphia.php?p=taxdetails&id=231430 on 2024-04-02","urn:lsid:marinespecies.org:taxname:231430",1,NA,NA,0,NA,"2008-08-20T11:25:36.853Z",2440422,"Mesoplodon bowdoini Andrews, 1908","EXACT",231430,"unavailable"
254990,"Mesoplodon carlhubbsi",NA,NA,NA,"exact",NA,"Species",NA,NA,NA,"accepted",137034,"https://www.marinespecies.org/aphia.php?p=taxdetails&id=254990","Moore, 1963",NA,220,254990,"Mesoplodon carlhubbsi","Moore, 1963",137034,"Animalia","Chordata","Mammalia","Cetartiodactyla","Ziphiidae","Mesoplodon","Fordyce, E.; Perrin, W.F. (2024). World Cetacea Database. Mesoplodon carlhubbsi Moore, 1963. Accessed through: World Register of Marine Species at: https://www.marinespecies.org/aphia.php?p=taxdetails&id=254990 on 2024-04-02","urn:lsid:marinespecies.org:taxname:254990",1,0,0,0,NA,"2008-08-20T11:25:36.853Z",2440401,"Mesoplodon carlhubbsi Moore, 1963","EXACT",254990,"available"
137122,"Mesoplodon densirostris",NA,NA,NA,"exact",NA,"Species",NA,NA,NA,"accepted",137034,"https://www.marinespecies.org/aphia.php?p=taxdetails&id=137122","(de Blainville, 1817)",NA,220,137122,"Mesoplodon densirostris","(de Blainville, 1817)",137034,"Animalia","Chordata","Mammalia","Cetartiodactyla","Ziphiidae","Mesoplodon","Fordyce, E.; Perrin, W.F. (2024). World Cetacea Database. Mesoplodon densirostris (de Blainville, 1817). Accessed through: World Register of Marine Species at: https://www.marinespecies.org/aphia.php?p=taxdetails&id=137122 on 2024-04-02","urn:lsid:marinespecies.org:taxname:137122",1,NA,NA,0,NA,"2008-08-20T11:25:36.853Z",2440403,"Mesoplodon densirostris (Blainville, 1817)","EXACT",137122,"unavailable"
1567463,"Mesoplodon eueu",NA,NA,NA,"exact",NA,"Species",NA,NA,NA,"accepted",137034,"https://www.marinespecies.org/aphia.php?p=taxdetails&id=1567463","Carroll, McGowen, McCarthy, Marx, Aguilar, Dalebout, Dreyer, Gaggiotti, Hansen, van Helden, Onoufriou, Baird, Baker, Berrow, Cholewiak, Claridge, Constantine, Davison, Eira, Fordyce, Gatesy, Hofmeyr, Martín, Mead, Mignucci-Giannoni, Morin, Reyes, Rogan, Rosso, Silva, Springer, Steel & Olsen, 2021",NA,220,1567463,"Mesoplodon eueu","Carroll, McGowen, McCarthy, Marx, Aguilar, Dalebout, Dreyer, Gaggiotti, Hansen, van Helden, Onoufriou, Baird, Baker, Berrow, Cholewiak, Claridge, Constantine, Davison, Eira, Fordyce, Gatesy, Hofmeyr, Martín, Mead, Mignucci-Giannoni, Morin, Reyes, Rogan, Rosso, Silva, Springer, Steel & Olsen, 2021",137034,"Animalia","Chordata","Mammalia","Cetartiodactyla","Ziphiidae","Mesoplodon","WoRMS (2024). Mesoplodon eueu Carroll, McGowen, McCarthy, Marx, Aguilar, Dalebout, Dreyer, Gaggiotti, Hansen, van Helden, Onoufriou, Baird, Baker, Berrow, Cholewiak, Claridge, Constantine, Davison, Eira, Fordyce, Gatesy, Hofmeyr, Martín, Mead, Mignucci-Giannoni, Morin, Reyes, Rogan, Rosso, Silva, Springer, Steel & Olsen, 2021. Accessed at: https://www.marinespecies.org/aphia.php?p=taxdetails&id=1567463 on 2024-04-02","urn:lsid:marinespecies.org:taxname:1567463",1,NA,0,0,0,"2022-03-07T11:16:52.743Z",11370425,"Mesoplodon eueu Carroll, McGowen, McCarthy, Marx, Aguilar, Dalebout, Dreyer, Gaggiotti, Hansen, van Helden, Onoufriou, Baird, Baker, Berrow, Cholewiak, Claridge, Constantine, Davison, Eira, Fordyce, Gatesy, Hofmeyr, Martín, Mead, Mignucci-Giannoni, Morin, Reyes, Rogan & R, 2021","EXACT",1567463,"unavailable"
137123,"Mesoplodon europaeus",NA,NA,NA,"exact",NA,"Species",NA,NA,NA,"accepted",137034,"https://www.marinespecies.org/aphia.php?p=taxdetails&id=137123","(Gervais, 1855)",NA,220,137123,"Mesoplodon europaeus","(Gervais, 1855)",137034,"Animalia","Chordata","Mammalia","Cetartiodactyla","Ziphiidae","Mesoplodon","Fordyce, E.; Perrin, W.F. (2024). World Cetacea Database. Mesoplodon europaeus (Gervais, 1855). Accessed through: World Register of Marine Species at: https://www.marinespecies.org/aphia.php?p=taxdetails&id=137123 on 2024-04-02","urn:lsid:marinespecies.org:taxname:137123",1,NA,NA,0,NA,"2008-08-20T11:25:36.853Z",2440397,"Mesoplodon europaeus (Gervais, 1855)","EXACT",137123,"unavailable"
231407,"Mesoplodon ginkgodens",NA,NA,NA,"exact",NA,"Species",NA,NA,NA,"accepted",137034,"https://www.marinespecies.org/aphia.php?p=taxdetails&id=231407","Nishiwaki & Kamiya, 1958",NA,220,231407,"Mesoplodon ginkgodens","Nishiwaki & Kamiya, 1958",137034,"Animalia","Chordata","Mammalia","Cetartiodactyla","Ziphiidae","Mesoplodon","Fordyce, E.; Perrin, W.F. (2024). World Cetacea Database. Mesoplodon ginkgodens Nishiwaki & Kamiya, 1958. Accessed through: World Register of Marine Species at: https://www.marinespecies.org/aphia.php?p=taxdetails&id=231407 on 2024-04-02","urn:lsid:marinespecies.org:taxname:231407",1,NA,NA,0,NA,"2008-08-20T11:25:36.853Z",2440410,"Mesoplodon ginkgodens Nishiwaki & Kamiya, 1958","EXACT",231407,"available"
137124,"Mesoplodon grayi",NA,NA,NA,"exact",NA,"Species",NA,NA,NA,"accepted",137034,"https://www.marinespecies.org/aphia.php?p=taxdetails&id=137124","von Haast, 1876",NA,220,137124,"Mesoplodon grayi","von Haast, 1876",137034,"Animalia","Chordata","Mammalia","Cetartiodactyla","Ziphiidae","Mesoplodon","Fordyce, E.; Perrin, W.F. (2024). World Cetacea Database. Mesoplodon grayi von Haast, 1876. Accessed through: World Register of Marine Species at: https://www.marinespecies.org/aphia.php?p=taxdetails&id=137124 on 2024-04-02","urn:lsid:marinespecies.org:taxname:137124",1,NA,NA,0,NA,"2008-08-20T11:25:36.853Z",2440419,"Mesoplodon grayi von Haast, 1876","EXACT",137124,"available"
137125,"Mesoplodon hectori",NA,NA,NA,"exact",NA,"Species",NA,NA,NA,"accepted",137034,"https://www.marinespecies.org/aphia.php?p=taxdetails&id=137125","(Gray, 1871)",NA,220,137125,"Mesoplodon hectori","(Gray, 1871)",137034,"Animalia","Chordata","Mammalia","Cetartiodactyla","Ziphiidae","Mesoplodon","Fordyce, E.; Perrin, W.F. (2024). World Cetacea Database. Mesoplodon hectori (Gray, 1871). Accessed through: World Register of Marine Species at: https://www.marinespecies.org/aphia.php?p=taxdetails&id=137125 on 2024-04-02","urn:lsid:marinespecies.org:taxname:137125",1,NA,NA,0,NA,"2008-08-20T11:25:36.853Z",2440394,"Mesoplodon hectori (Gray, 1871)","EXACT",137125,"unavailable"
384422,"Mesoplodon hotaula",NA,NA,NA,"exact",NA,"Species",NA,NA,NA,"accepted",137034,"https://www.marinespecies.org/aphia.php?p=taxdetails&id=384422","Deraniyagala, 1963",NA,220,384422,"Mesoplodon hotaula","Deraniyagala, 1963",137034,"Animalia","Chordata","Mammalia","Cetartiodactyla","Ziphiidae","Mesoplodon","Fordyce, E.; Perrin, W.F. (2024). World Cetacea Database. Mesoplodon hotaula Deraniyagala, 1963. Accessed through: World Register of Marine Species at: https://www.marinespecies.org/aphia.php?p=taxdetails&id=384422 on 2024-04-02","urn:lsid:marinespecies.org:taxname:384422",1,0,0,0,NA,"2014-02-03T23:03:13.087Z",2440411,"Mesoplodon hotaula Deraniyagala, 1963","EXACT",384422,"unavailable"
231429,"Mesoplodon layardii",NA,NA,NA,"exact",NA,"Species",NA,NA,NA,"accepted",137034,"https://www.marinespecies.org/aphia.php?p=taxdetails&id=231429","(Gray, 1865)",NA,220,231429,"Mesoplodon layardii","(Gray, 1865)",137034,"Animalia","Chordata","Mammalia","Cetartiodactyla","Ziphiidae","Mesoplodon","Fordyce, E.; Perrin, W.F. (2024). World Cetacea Database. Mesoplodon layardii (Gray, 1865). Accessed through: World Register of Marine Species at: https://www.marinespecies.org/aphia.php?p=taxdetails&id=231429 on 2024-04-02","urn:lsid:marinespecies.org:taxname:231429",1,0,0,0,NA,"2008-08-20T11:25:36.853Z",2440423,"Mesoplodon layardii (Gray, 1865)","EXACT",231429,"available"
137126,"Mesoplodon mirus",NA,NA,NA,"exact",NA,"Species",NA,NA,NA,"accepted",137034,"https://www.marinespecies.org/aphia.php?p=taxdetails&id=137126","True, 1913",NA,220,137126,"Mesoplodon mirus","True, 1913",137034,"Animalia","Chordata","Mammalia","Cetartiodactyla","Ziphiidae","Mesoplodon","Fordyce, E.; Perrin, W.F. (2024). World Cetacea Database. Mesoplodon mirus True, 1913. Accessed through: World Register of Marine Species at: https://www.marinespecies.org/aphia.php?p=taxdetails&id=137126 on 2024-04-02","urn:lsid:marinespecies.org:taxname:137126",1,0,0,0,NA,"2008-08-20T11:25:36.853Z",2440417,"Mesoplodon mirus True, 1913","EXACT",137126,"unavailable"
254992,"Mesoplodon perrini",NA,NA,NA,"exact",NA,"Species",NA,NA,NA,"accepted",137034,"https://www.marinespecies.org/aphia.php?p=taxdetails&id=254992","Dalebout, Mead, Baker, Baker & van Helden, 2002",NA,220,254992,"Mesoplodon perrini","Dalebout, Mead, Baker, Baker & van Helden, 2002",137034,"Animalia","Chordata","Mammalia","Cetartiodactyla","Ziphiidae","Mesoplodon","Fordyce, E.; Perrin, W.F. (2024). World Cetacea Database. Mesoplodon perrini Dalebout, Mead, Baker, Baker & van Helden, 2002. Accessed through: World Register of Marine Species at: https://www.marinespecies.org/aphia.php?p=taxdetails&id=254992 on 2024-04-02","urn:lsid:marinespecies.org:taxname:254992",1,0,0,0,NA,"2008-08-20T11:25:36.853Z",2440418,"Mesoplodon perrini Dalebout, Mead, Baker, Baker & van Helden, 2002","EXACT",254992,"unavailable"
231409,"Mesoplodon peruvianus",NA,NA,NA,"exact",NA,"Species",NA,NA,NA,"accepted",137034,"https://www.marinespecies.org/aphia.php?p=taxdetails&id=231409","Reyes, Mead & Van Waerebeek, 1991",NA,220,231409,"Mesoplodon peruvianus","Reyes, Mead & Van Waerebeek, 1991",137034,"Animalia","Chordata","Mammalia","Cetartiodactyla","Ziphiidae","Mesoplodon","Fordyce, E.; Perrin, W.F. (2024). World Cetacea Database. Mesoplodon peruvianus Reyes, Mead & Van Waerebeek, 1991. Accessed through: World Register of Marine Species at: https://www.marinespecies.org/aphia.php?p=taxdetails&id=231409 on 2024-04-02","urn:lsid:marinespecies.org:taxname:231409",1,0,0,0,NA,"2008-08-20T11:25:36.853Z",2440406,"Mesoplodon peruvianus Reyes, Mead & Van Waerebeek, 1991","EXACT",231409,"available"
254991,"Mesoplodon stejnegeri",NA,NA,NA,"exact",NA,"Species",NA,NA,NA,"accepted",137034,"https://www.marinespecies.org/aphia.php?p=taxdetails&id=254991","True, 1885",NA,220,254991,"Mesoplodon stejnegeri","True, 1885",137034,"Animalia","Chordata","Mammalia","Cetartiodactyla","Ziphiidae","Mesoplodon","Fordyce, E.; Perrin, W.F. (2024). World Cetacea Database. Mesoplodon stejnegeri True, 1885. Accessed through: World Register of Marine Species at: https://www.marinespecies.org/aphia.php?p=taxdetails&id=254991 on 2024-04-02","urn:lsid:marinespecies.org:taxname:254991",1,0,0,0,NA,"2008-08-20T11:25:36.853Z",2440402,"Mesoplodon stejnegeri True, 1885","EXACT",254991,"available"
254993,"Mesoplodon traversii",NA,NA,NA,"exact",NA,"Species",NA,NA,NA,"accepted",137034,"https://www.marinespecies.org/aphia.php?p=taxdetails&id=254993","(Gray, 1874)",NA,220,254993,"Mesoplodon traversii","(Gray, 1874)",137034,"Animalia","Chordata","Mammalia","Cetartiodactyla","Ziphiidae","Mesoplodon","Fordyce, E.; Perrin, W.F. (2024). World Cetacea Database. Mesoplodon traversii (Gray, 1874). Accessed through: World Register of Marine Species at: https://www.marinespecies.org/aphia.php?p=taxdetails&id=254993 on 2024-04-02","urn:lsid:marinespecies.org:taxname:254993",1,0,0,0,NA,"2008-08-20T11:25:36.853Z",2440407,"Mesoplodon traversii (Gray, 1874)","EXACT",254993,"unavailable"
231433,"Tasmacetus shepherdi",NA,NA,NA,"exact",NA,"Species",NA,NA,NA,"accepted",231394,"https://www.marinespecies.org/aphia.php?p=taxdetails&id=231433","Oliver, 1937",NA,220,231433,"Tasmacetus shepherdi","Oliver, 1937",231394,"Animalia","Chordata","Mammalia","Cetartiodactyla","Ziphiidae","Tasmacetus","Fordyce, E.; Perrin, W.F. (2024). World Cetacea Database. Tasmacetus shepherdi Oliver, 1937. Accessed through: World Register of Marine Species at: https://www.marinespecies.org/aphia.php?p=taxdetails&id=231433 on 2024-04-02","urn:lsid:marinespecies.org:taxname:231433",1,NA,NA,0,NA,"2008-08-20T11:25:36.853Z",2440383,"Tasmacetus shepherdi Oliver, 1937","EXACT",231433,"available"
137127,"Ziphius cavirostris",NA,NA,NA,"exact",NA,"Species",NA,NA,NA,"accepted",137035,"https://www.marinespecies.org/aphia.php?p=taxdetails&id=137127","Cuvier, 1823",NA,220,137127,"Ziphius cavirostris","Cuvier, 1823",137035,"Animalia","Chordata","Mammalia","Cetartiodactyla","Ziphiidae","Ziphius","Fordyce, E.; Perrin, W.F. (2024). World Cetacea Database. Ziphius cavirostris Cuvier, 1823. Accessed through: World Register of Marine Species at: https://www.marinespecies.org/aphia.php?p=taxdetails&id=137127 on 2024-04-02","urn:lsid:marinespecies.org:taxname:137127",1,NA,NA,0,NA,"2008-08-20T11:25:36.853Z",2440369,"Ziphius cavirostris G.Cuvier, 1823","EXACT",137127,"unavailable"
158667,"Alosa aestivalis",NA,NA,NA,"exact",NA,"Species",NA,NA,NA,"accepted",NA,"https://www.marinespecies.org/aphia.php?p=taxdetails&id=158667","(Mitchill, 1814)",NA,220,158667,"Alosa aestivalis","(Mitchill, 1814)",125715,"Animalia","Chordata","Teleostei","Clupeiformes","Alosidae","Alosa","Froese, R. and D. Pauly. Editors. (2024). FishBase. Alosa aestivalis (Mitchill, 1814). Accessed through: World Register of Marine Species at: https://www.marinespecies.org/aphia.php?p=taxdetails&id=158667 on 2024-04-02","urn:lsid:marinespecies.org:taxname:158667",1,1,1,0,NA,"2008-01-15T17:27:08.177Z",2412708,"Alosa aestivalis (Mitchill, 1814)","EXACT",158667,"available"
272248,"Alosa alabamae",NA,NA,NA,"exact",NA,"Species",NA,NA,NA,"accepted",NA,"https://www.marinespecies.org/aphia.php?p=taxdetails&id=272248","Jordan & Evermann, 1896",NA,220,272248,"Alosa alabamae","Jordan & Evermann, 1896",125715,"Animalia","Chordata","Teleostei","Clupeiformes","Alosidae","Alosa","Froese, R. and D. Pauly. Editors. (2024). FishBase. Alosa alabamae Jordan & Evermann, 1896. Accessed through: World Register of Marine Species at: https://www.marinespecies.org/aphia.php?p=taxdetails&id=272248 on 2024-04-02","urn:lsid:marinespecies.org:taxname:272248",1,1,1,0,NA,"2017-08-18T10:28:24.920Z",2412616,"Alosa alabamae Jordan & Evermann, 1896","EXACT",272248,"unavailable"
474902,"Alosa algeriensis",NA,NA,NA,"exact",NA,"Species",NA,NA,NA,"accepted",NA,"https://www.marinespecies.org/aphia.php?p=taxdetails&id=474902","Regan, 1916",NA,220,474902,"Alosa algeriensis","Regan, 1916",125715,"Animalia","Chordata","Teleostei","Clupeiformes","Alosidae","Alosa","Froese, R. and D. Pauly. Editors. (2024). FishBase. Alosa algeriensis Regan, 1916. Accessed through: World Register of Marine Species at: https://www.marinespecies.org/aphia.php?p=taxdetails&id=474902 on 2024-04-02","urn:lsid:marinespecies.org:taxname:474902",1,1,1,0,NA,"2010-05-06T09:57:44.313Z",2412667,"Alosa algeriensis Regan, 1916","EXACT",474902,"unavailable"
126413,"Alosa alosa",NA,NA,NA,"exact",NA,"Species",NA,NA,NA,"accepted",NA,"https://www.marinespecies.org/aphia.php?p=taxdetails&id=126413","(Linnaeus, 1758)",NA,220,126413,"Alosa alosa","(Linnaeus, 1758)",125715,"Animalia","Chordata","Teleostei","Clupeiformes","Alosidae","Alosa","Froese, R. and D. Pauly. Editors. (2024). FishBase. Alosa alosa (Linnaeus, 1758). Accessed through: World Register of Marine Species at: https://www.marinespecies.org/aphia.php?p=taxdetails&id=126413 on 2024-04-02","urn:lsid:marinespecies.org:taxname:126413",1,1,1,0,NA,"2008-01-15T17:27:08.177Z",2412685,"Alosa alosa (Linnaeus, 1758)","EXACT",126413,"available"
272249,"Alosa braschnikowi",NA,NA,NA,"exact",NA,"Species",NA,NA,NA,"accepted",NA,"https://www.marinespecies.org/aphia.php?p=taxdetails&id=272249","(Borodin, 1904)",NA,220,272249,"Alosa braschnikowi","(Borodin, 1904)",125715,"Animalia","Chordata","Teleostei","Clupeiformes","Alosidae","Alosa","Froese, R. and D. Pauly. Editors. (2024). FishBase. Alosa braschnikowi (Borodin, 1904). Accessed through: World Register of Marine Species at: https://www.marinespecies.org/aphia.php?p=taxdetails&id=272249 on 2024-04-02","urn:lsid:marinespecies.org:taxname:272249",0,1,0,0,NA,"2020-12-17T07:28:26.240Z",2412751,"Alosa braschnikowi (Borodin, 1904)","EXACT",272249,"unavailable"
126414,"Alosa caspia",NA,NA,NA,"exact",NA,"Species",NA,NA,NA,"accepted",NA,"https://www.marinespecies.org/aphia.php?p=taxdetails&id=126414","(Eichwald, 1838)",NA,220,126414,"Alosa caspia","(Eichwald, 1838)",125715,"Animalia","Chordata","Teleostei","Clupeiformes","Alosidae","Alosa","Froese, R. and D. Pauly. Editors. (2024). FishBase. Alosa caspia (Eichwald, 1838). Accessed through: World Register of Marine Species at: https://www.marinespecies.org/aphia.php?p=taxdetails&id=126414 on 2024-04-02","urn:lsid:marinespecies.org:taxname:126414",1,1,1,0,NA,"2020-09-24T14:08:35.027Z",4284114,"Alosa caspia (Eichwald, 1838)","EXACT",126414,"unavailable"
272250,"Alosa chrysochloris",NA,NA,NA,"exact",NA,"Species",NA,NA,NA,"accepted",NA,"https://www.marinespecies.org/aphia.php?p=taxdetails&id=272250","(Rafinesque, 1820)",NA,220,272250,"Alosa chrysochloris","(Rafinesque, 1820)",125715,"Animalia","Chordata","Teleostei","Clupeiformes","Alosidae","Alosa","Froese, R. and D. Pauly. Editors. (2024). FishBase. Alosa chrysochloris (Rafinesque, 1820). Accessed through: World Register of Marine Species at: https://www.marinespecies.org/aphia.php?p=taxdetails&id=272250 on 2024-04-02","urn:lsid:marinespecies.org:taxname:272250",1,1,1,0,NA,"2008-01-15T17:27:08.177Z",2412681,"Alosa chrysochloris (Rafinesque, 1820)","EXACT",272250,"available"
300333,"Alosa curensis",NA,NA,NA,"exact",NA,"Species",NA,NA,NA,"accepted",NA,"https://www.marinespecies.org/aphia.php?p=taxdetails&id=300333","(Suvorov, 1907)",NA,220,300333,"Alosa curensis","(Suvorov, 1907)",125715,"Animalia","Chordata","Teleostei","Clupeiformes","Alosidae","Alosa","Froese, R. and D. Pauly. Editors. (2024). FishBase. Alosa curensis (Suvorov, 1907). Accessed through: World Register of Marine Species at: https://www.marinespecies.org/aphia.php?p=taxdetails&id=300333 on 2024-04-02","urn:lsid:marinespecies.org:taxname:300333",0,1,0,0,NA,"2017-10-23T04:16:08.283Z",2412943,"Alosa curensis (Suvorov, 1907)","EXACT",300333,"unavailable"
126415,"Alosa fallax",NA,NA,NA,"exact",NA,"Species",NA,NA,NA,"accepted",NA,"https://www.marinespecies.org/aphia.php?p=taxdetails&id=126415","(Lacepède, 1803)",NA,220,126415,"Alosa fallax","(Lacepède, 1803)",125715,"Animalia","Chordata","Teleostei","Clupeiformes","Alosidae","Alosa","Froese, R. and D. Pauly. Editors. (2024). FishBase. Alosa fallax (Lacepède, 1803). Accessed through: World Register of Marine Species at: https://www.marinespecies.org/aphia.php?p=taxdetails&id=126415 on 2024-04-02","urn:lsid:marinespecies.org:taxname:126415",1,1,1,0,NA,"2008-01-15T17:27:08.177Z",2412623,"Alosa fallax (Lacepède, 1803)","EXACT",126415,"available"
272251,"Alosa immaculata",NA,NA,NA,"exact",NA,"Species",NA,NA,NA,"accepted",NA,"https://www.marinespecies.org/aphia.php?p=taxdetails&id=272251","Bennett, 1835",NA,220,272251,"Alosa immaculata","Bennett, 1835",125715,"Animalia","Chordata","Teleostei","Clupeiformes","Alosidae","Alosa","Froese, R. and D. Pauly. Editors. (2024). FishBase. Alosa immaculata Bennett, 1835. Accessed through: World Register of Marine Species at: https://www.marinespecies.org/aphia.php?p=taxdetails&id=272251 on 2024-04-02","urn:lsid:marinespecies.org:taxname:272251",1,1,1,0,NA,"2008-01-15T17:27:08.177Z",2412637,"Alosa immaculata Bennett, 1835","EXACT",272251,"unavailable"
272252,"Alosa kessleri",NA,NA,NA,"exact",NA,"Species",NA,NA,NA,"accepted",NA,"https://www.marinespecies.org/aphia.php?p=taxdetails&id=272252","(Grimm, 1887)",NA,220,272252,"Alosa kessleri","(Grimm, 1887)",125715,"Animalia","Chordata","Teleostei","Clupeiformes","Alosidae","Alosa","Froese, R. and D. Pauly. Editors. (2024). FishBase. Alosa kessleri (Grimm, 1887). Accessed through: World Register of Marine Species at: https://www.marinespecies.org/aphia.php?p=taxdetails&id=272252 on 2024-04-02","urn:lsid:marinespecies.org:taxname:272252",1,1,1,0,NA,"2017-08-17T12:56:20.343Z",2412728,"Alosa kessleri (Grimm, 1887)","EXACT",272252,"unavailable"
272253,"Alosa maeotica",NA,NA,NA,"exact",NA,"Species",NA,NA,NA,"accepted",NA,"https://www.marinespecies.org/aphia.php?p=taxdetails&id=272253","(Grimm, 1901)",NA,220,272253,"Alosa maeotica","(Grimm, 1901)",125715,"Animalia","Chordata","Teleostei","Clupeiformes","Alosidae","Alosa","Froese, R. and D. Pauly. Editors. (2024). FishBase. Alosa maeotica (Grimm, 1901). Accessed through: World Register of Marine Species at: https://www.marinespecies.org/aphia.php?p=taxdetails&id=272253 on 2024-04-02","urn:lsid:marinespecies.org:taxname:272253",1,1,1,0,NA,"2020-11-30T13:05:40.470Z",2412653,"Alosa maeotica (Grimm, 1901)","EXACT",272253,"unavailable"
158668,"Alosa mediocris",NA,NA,NA,"exact",NA,"Species",NA,NA,NA,"accepted",NA,"https://www.marinespecies.org/aphia.php?p=taxdetails&id=158668","(Mitchill, 1814)",NA,220,158668,"Alosa mediocris","(Mitchill, 1814)",125715,"Animalia","Chordata","Teleostei","Clupeiformes","Alosidae","Alosa","Froese, R. and D. Pauly. Editors. (2024). FishBase. Alosa mediocris (Mitchill, 1814). Accessed through: World Register of Marine Species at: https://www.marinespecies.org/aphia.php?p=taxdetails&id=158668 on 2024-04-02","urn:lsid:marinespecies.org:taxname:158668",1,1,1,0,NA,"2008-01-15T17:27:08.177Z",2412699,"Alosa mediocris (Mitchill, 1814)","EXACT",158668,"available"
158669,"Alosa pseudoharengus",NA,NA,NA,"exact",NA,"Species",NA,NA,NA,"accepted",NA,"https://www.marinespecies.org/aphia.php?p=taxdetails&id=158669","(Wilson, 1811)",NA,220,158669,"Alosa pseudoharengus","(Wilson, 1811)",125715,"Animalia","Chordata","Teleostei","Clupeiformes","Alosidae","Alosa","Froese, R. and D. Pauly. Editors. (2024). FishBase. Alosa pseudoharengus (Wilson, 1811). Accessed through: World Register of Marine Species at: https://www.marinespecies.org/aphia.php?p=taxdetails&id=158669 on 2024-04-02","urn:lsid:marinespecies.org:taxname:158669",1,1,1,0,NA,"2008-01-15T17:27:08.177Z",2412740,"Alosa pseudoharengus (Wilson, 1811)","EXACT",158669,"available"
158670,"Alosa sapidissima",NA,NA,NA,"exact",NA,"Species",NA,NA,NA,"accepted",NA,"https://www.marinespecies.org/aphia.php?p=taxdetails&id=158670","(Wilson, 1811)",NA,220,158670,"Alosa sapidissima","(Wilson, 1811)",125715,"Animalia","Chordata","Teleostei","Clupeiformes","Alosidae","Alosa","Froese, R. and D. Pauly. Editors. (2024). FishBase. Alosa sapidissima (Wilson, 1811). Accessed through: World Register of Marine Species at: https://www.marinespecies.org/aphia.php?p=taxdetails&id=158670 on 2024-04-02","urn:lsid:marinespecies.org:taxname:158670",1,1,1,0,NA,"2008-01-15T17:27:08.177Z",2412661,"Alosa sapidissima (Wilson, 1811)","EXACT",158670,"available"
272254,"Alosa saposchnikowii",NA,NA,NA,"exact",NA,"Species",NA,NA,NA,"accepted",NA,"https://www.marinespecies.org/aphia.php?p=taxdetails&id=272254","(Grimm, 1887)",NA,220,272254,"Alosa saposchnikowii","(Grimm, 1887)",125715,"Animalia","Chordata","Teleostei","Clupeiformes","Alosidae","Alosa","Froese, R. and D. Pauly. Editors. (2024). FishBase. Alosa saposchnikowii (Grimm, 1887). Accessed through: World Register of Marine Species at: https://www.marinespecies.org/aphia.php?p=taxdetails&id=272254 on 2024-04-02","urn:lsid:marinespecies.org:taxname:272254",0,1,1,0,NA,"2008-01-15T17:27:08.177Z",2412693,"Alosa saposchnikowii (Grimm, 1887)","EXACT",272254,"unavailable"
272255,"Alosa sphaerocephala",NA,NA,NA,"exact",NA,"Species",NA,NA,NA,"accepted",NA,"https://www.marinespecies.org/aphia.php?p=taxdetails&id=272255","(Berg, 1913)",NA,220,272255,"Alosa sphaerocephala","(Berg, 1913)",125715,"Animalia","Chordata","Teleostei","Clupeiformes","Alosidae","Alosa","Froese, R. and D. Pauly. Editors. (2024). FishBase. Alosa sphaerocephala (Berg, 1913). Accessed through: World Register of Marine Species at: https://www.marinespecies.org/aphia.php?p=taxdetails&id=272255 on 2024-04-02","urn:lsid:marinespecies.org:taxname:272255",0,1,0,0,NA,"2008-01-15T17:27:08.177Z",2412748,"Alosa sphaerocephala (Berg, 1913)","EXACT",272255,"unavailable"
272256,"Alosa tanaica",NA,NA,NA,"exact",NA,"Species",NA,NA,NA,"accepted",NA,"https://www.marinespecies.org/aphia.php?p=taxdetails&id=272256","(Grimm, 1901)",NA,220,272256,"Alosa tanaica","(Grimm, 1901)",125715,"Animalia","Chordata","Teleostei","Clupeiformes","Alosidae","Alosa","Froese, R. and D. Pauly. Editors. (2024). FishBase. Alosa tanaica (Grimm, 1901). Accessed through: World Register of Marine Species at: https://www.marinespecies.org/aphia.php?p=taxdetails&id=272256 on 2024-04-02","urn:lsid:marinespecies.org:taxname:272256",1,1,1,0,NA,"2008-01-15T17:27:08.177Z",2412669,"Alosa tanaica (Grimm, 1901)","EXACT",272256,"unavailable"
272257,"Alosa volgensis",NA,NA,NA,"exact",NA,"Species",NA,NA,NA,"accepted",NA,"https://www.marinespecies.org/aphia.php?p=taxdetails&id=272257","(Berg, 1913)",NA,220,272257,"Alosa volgensis","(Berg, 1913)",125715,"Animalia","Chordata","Teleostei","Clupeiformes","Alosidae","Alosa","Froese, R. and D. Pauly. Editors. (2024). FishBase. Alosa volgensis (Berg, 1913). Accessed through: World Register of Marine Species at: https://www.marinespecies.org/aphia.php?p=taxdetails&id=272257 on 2024-04-02","urn:lsid:marinespecies.org:taxname:272257",0,1,1,0,NA,"2020-12-17T07:28:26.240Z",2412665,"Alosa volgensis (Berg, 1913)","EXACT",272257,"unavailable"
233942,"Acipenser baerii",NA,NA,NA,"exact",NA,"Species",NA,NA,NA,"accepted",125618,"https://www.marinespecies.org/aphia.php?p=taxdetails&id=233942","Brandt, 1869",NA,220,233942,"Acipenser baerii","Brandt, 1869",125618,"Animalia","Chordata","Chondrostei","Acipenseriformes","Acipenseridae","Acipenser","Froese, R. and D. Pauly. Editors. (2024). FishBase. Acipenser baerii Brandt, 1869. Accessed through: World Register of Marine Species at: https://www.marinespecies.org/aphia.php?p=taxdetails&id=233942 on 2024-04-02","urn:lsid:marinespecies.org:taxname:233942",0,1,1,0,NA,"2017-08-18T10:28:24.920Z",4287131,"Acipenser baerii Brandt, 1869","EXACT",233942,"unavailable"
157869,"Acipenser brevirostrum",NA,NA,NA,"exact",NA,"Species",NA,NA,NA,"accepted",125618,"https://www.marinespecies.org/aphia.php?p=taxdetails&id=157869","Lesueur, 1818",NA,220,157869,"Acipenser brevirostrum","Lesueur, 1818",125618,"Animalia","Chordata","Chondrostei","Acipenseriformes","Acipenseridae","Acipenser","Froese, R. and D. Pauly. Editors. (2024). FishBase. Acipenser brevirostrum Lesueur, 1818. Accessed through: World Register of Marine Species at: https://www.marinespecies.org/aphia.php?p=taxdetails&id=157869 on 2024-04-02","urn:lsid:marinespecies.org:taxname:157869",1,1,1,0,NA,"2017-08-18T10:28:24.920Z",2402192,"Acipenser brevirostrum Lesueur, 1818","EXACT",157869,"unavailable"
271694,"Acipenser fulvescens",NA,NA,NA,"exact",NA,"Species",NA,NA,NA,"accepted",125618,"https://www.marinespecies.org/aphia.php?p=taxdetails&id=271694","Rafinesque, 1817",NA,220,271694,"Acipenser fulvescens","Rafinesque, 1817",125618,"Animalia","Chordata","Chondrostei","Acipenseriformes","Acipenseridae","Acipenser","Froese, R. and D. Pauly. Editors. (2024). FishBase. Acipenser fulvescens Rafinesque, 1817. Accessed through: World Register of Marine Species at: https://www.marinespecies.org/aphia.php?p=taxdetails&id=271694 on 2024-04-02","urn:lsid:marinespecies.org:taxname:271694",0,1,1,0,NA,"2008-01-15T17:27:08.177Z",2402120,"Acipenser fulvescens Rafinesque, 1817","EXACT",271694,"unavailable"
126275,"Acipenser gueldenstaedtii",NA,NA,NA,"exact",NA,"Species",NA,NA,NA,"accepted",125618,"https://www.marinespecies.org/aphia.php?p=taxdetails&id=126275","Brandt & Ratzeburg, 1833",NA,220,126275,"Acipenser gueldenstaedtii","Brandt & Ratzeburg, 1833",125618,"Animalia","Chordata","Chondrostei","Acipenseriformes","Acipenseridae","Acipenser","Froese, R. and D. Pauly. Editors. (2024). FishBase. Acipenser gueldenstaedtii Brandt & Ratzeburg, 1833. Accessed through: World Register of Marine Species at: https://www.marinespecies.org/aphia.php?p=taxdetails&id=126275 on 2024-04-02","urn:lsid:marinespecies.org:taxname:126275",1,1,1,0,NA,"2008-01-15T17:27:08.177Z",2402129,"Acipenser gueldenstaedtii Brandt & Ratzeburg, 1833","EXACT",126275,"available"
271700,"Huso dauricus",NA,NA,NA,"exact",NA,"Species",NA,NA,NA,"accepted",125619,"https://www.marinespecies.org/aphia.php?p=taxdetails&id=271700","(Georgi, 1775)",NA,220,271700,"Huso dauricus","(Georgi, 1775)",125619,"Animalia","Chordata","Chondrostei","Acipenseriformes","Acipenseridae","Huso","Froese, R. and D. Pauly. Editors. (2024). FishBase. Huso dauricus (Georgi, 1775). Accessed through: World Register of Marine Species at: https://www.marinespecies.org/aphia.php?p=taxdetails&id=271700 on 2024-04-02","urn:lsid:marinespecies.org:taxname:271700",1,1,1,0,NA,"2008-01-15T17:27:08.177Z",2402100,"Huso dauricus (Georgi, 1775)","EXACT",271700,"unavailable"
126280,"Huso huso",NA,NA,NA,"exact",NA,"Species",NA,NA,NA,"accepted",125619,"https://www.marinespecies.org/aphia.php?p=taxdetails&id=126280","(Linnaeus, 1758)",NA,220,126280,"Huso huso","(Linnaeus, 1758)",125619,"Animalia","Chordata","Chondrostei","Acipenseriformes","Acipenseridae","Huso","Froese, R. and D. Pauly. Editors. (2024). FishBase. Huso huso (Linnaeus, 1758). Accessed through: World Register of Marine Species at: https://www.marinespecies.org/aphia.php?p=taxdetails&id=126280 on 2024-04-02","urn:lsid:marinespecies.org:taxname:126280",1,1,1,0,NA,"2008-01-15T17:27:08.177Z",2402105,"Huso huso (Linnaeus, 1758)","EXACT",126280,"unavailable"
282472,"Pseudoscaphirhynchus fedtschenkoi",NA,NA,NA,"exact",NA,"Species",NA,NA,NA,"accepted",270618,"https://www.marinespecies.org/aphia.php?p=taxdetails&id=282472","(Kessler, 1872)",NA,220,282472,"Pseudoscaphirhynchus fedtschenkoi","(Kessler, 1872)",270618,"Animalia","Chordata","Chondrostei","Acipenseriformes","Acipenseridae","Pseudoscaphirhynchus","Froese, R. and D. Pauly. Editors. (2024). FishBase. Pseudoscaphirhynchus fedtschenkoi (Kessler, 1872). Accessed through: World Register of Marine Species at: https://www.marinespecies.org/aphia.php?p=taxdetails&id=282472 on 2024-04-02","urn:lsid:marinespecies.org:taxname:282472",0,1,1,0,NA,"2008-01-15T17:27:08.177Z",2402092,"Pseudoscaphirhynchus fedtschenkoi (Kessler, 1872)","EXACT",282472,"unavailable"
282473,"Pseudoscaphirhynchus hermanni",NA,NA,NA,"exact",NA,"Species",NA,NA,NA,"accepted",270618,"https://www.marinespecies.org/aphia.php?p=taxdetails&id=282473","(Kessler, 1877)",NA,220,282473,"Pseudoscaphirhynchus hermanni","(Kessler, 1877)",270618,"Animalia","Chordata","Chondrostei","Acipenseriformes","Acipenseridae","Pseudoscaphirhynchus","Froese, R. and D. Pauly. Editors. (2024). FishBase. Pseudoscaphirhynchus hermanni (Kessler, 1877). Accessed through: World Register of Marine Species at: https://www.marinespecies.org/aphia.php?p=taxdetails&id=282473 on 2024-04-02","urn:lsid:marinespecies.org:taxname:282473",0,1,1,0,NA,"2008-01-15T17:27:08.177Z",2402096,"Pseudoscaphirhynchus hermanni (Kessler, 1877)","EXACT",282473,"unavailable"
282474,"Pseudoscaphirhynchus kaufmanni",NA,NA,NA,"exact",NA,"Species",NA,NA,NA,"accepted",270618,"https://www.marinespecies.org/aphia.php?p=taxdetails&id=282474","(Kessler, 1877)",NA,220,282474,"Pseudoscaphirhynchus kaufmanni","(Kessler, 1877)",270618,"Animalia","Chordata","Chondrostei","Acipenseriformes","Acipenseridae","Pseudoscaphirhynchus","Froese, R. and D. Pauly. Editors. (2024). FishBase. Pseudoscaphirhynchus kaufmanni (Kessler, 1877). Accessed through: World Register of Marine Species at: https://www.marinespecies.org/aphia.php?p=taxdetails&id=282474 on 2024-04-02","urn:lsid:marinespecies.org:taxname:282474",0,1,1,0,NA,"2008-01-15T17:27:08.177Z",9779149,"Pseudoscaphirhynchus kaufmanni (Kessler, 1877)","EXACT",282474,"unavailable"
282668,"Scaphirhynchus suttkusi",NA,NA,NA,"exact",NA,"Species",NA,NA,NA,"accepted",270814,"https://www.marinespecies.org/aphia.php?p=taxdetails&id=282668","Williams & Clemmer, 1991",NA,220,282668,"Scaphirhynchus suttkusi","Williams & Clemmer, 1991",270814,"Animalia","Chordata","Chondrostei","Acipenseriformes","Acipenseridae","Scaphirhynchus","Froese, R. and D. Pauly. Editors. (2024). FishBase. Scaphirhynchus suttkusi Williams & Clemmer, 1991. Accessed through: World Register of Marine Species at: https://www.marinespecies.org/aphia.php?p=taxdetails&id=282668 on 2024-04-02","urn:lsid:marinespecies.org:taxname:282668",0,1,1,0,NA,"2021-08-05T08:44:39.877Z",2402090,"Scaphirhynchus suttkusi Williams & Clemmer, 1991","EXACT",282668,"unavailable"
1374498,"Pseudobatos buthi",NA,NA,NA,"exact",NA,"Species",NA,NA,NA,"accepted",1043464,"https://www.marinespecies.org/aphia.php?p=taxdetails&id=1374498","Rutledge, 2019",NA,220,1374498,"Pseudobatos buthi","Rutledge, 2019",1043464,"Animalia","Chordata","Elasmobranchii","Rhinopristiformes","Rhinobatidae","Pseudobatos","WoRMS (2024). Pseudobatos buthi Rutledge, 2019. Accessed at: https://www.marinespecies.org/aphia.php?p=taxdetails&id=1374498 on 2024-04-02","urn:lsid:marinespecies.org:taxname:1374498",1,0,0,0,0,"2019-09-02T08:33:23.807Z",10345949,"Pseudobatos buthi Rutledge, 2019","EXACT",1374498,"unavailable"
1577351,"Pseudobatos glaucostigma",NA,NA,NA,"exact",NA,"Species",NA,NA,NA,"accepted",1043464,"https://www.marinespecies.org/aphia.php?p=taxdetails&id=1577351","(Jordan & Gilbert, 1883)",NA,220,1577351,"Pseudobatos glaucostigma","(Jordan & Gilbert, 1883)",1043464,"Animalia","Chordata","Elasmobranchii","Rhinopristiformes","Rhinobatidae","Pseudobatos","Froese, R. and D. Pauly. Editors. (2024). FishBase. Pseudobatos glaucostigma (Jordan & Gilbert, 1883). Accessed through: World Register of Marine Species at: https://www.marinespecies.org/aphia.php?p=taxdetails&id=1577351 on 2024-04-02","urn:lsid:marinespecies.org:taxname:1577351",1,0,0,0,NA,"2022-06-02T07:27:35.967Z",9246400,"Pseudobatos glaucostigmus (Jordan & Gilbert, 1883)","FUZZY",1577351,"available"
1043490,"Pseudobatos horkelii",NA,NA,NA,"exact",NA,"Species",NA,NA,NA,"accepted",1043464,"https://www.marinespecies.org/aphia.php?p=taxdetails&id=1043490","(Müller & Henle, 1841)",NA,220,1043490,"Pseudobatos horkelii","(Müller & Henle, 1841)",1043464,"Animalia","Chordata","Elasmobranchii","Rhinopristiformes","Rhinobatidae","Pseudobatos","Froese, R. and D. Pauly. Editors. (2024). FishBase. Pseudobatos horkelii (Müller & Henle, 1841). Accessed through: World Register of Marine Species at: https://www.marinespecies.org/aphia.php?p=taxdetails&id=1043490 on 2024-04-02","urn:lsid:marinespecies.org:taxname:1043490",1,0,0,0,NA,"2017-11-08T08:07:26.557Z",9361135,"Pseudobatos horkelii (Müller & Henle, 1841)","EXACT",1043490,"unavailable"
1043479,"Pseudobatos lentiginosus",NA,NA,NA,"exact",NA,"Species",NA,NA,NA,"accepted",1043464,"https://www.marinespecies.org/aphia.php?p=taxdetails&id=1043479","(Garman, 1880)",NA,220,1043479,"Pseudobatos lentiginosus","(Garman, 1880)",1043464,"Animalia","Chordata","Elasmobranchii","Rhinopristiformes","Rhinobatidae","Pseudobatos","Froese, R. and D. Pauly. Editors. (2024). FishBase. Pseudobatos lentiginosus (Garman, 1880). Accessed through: World Register of Marine Species at: https://www.marinespecies.org/aphia.php?p=taxdetails&id=1043479 on 2024-04-02","urn:lsid:marinespecies.org:taxname:1043479",1,0,0,0,NA,"2017-11-08T08:07:26.557Z",9451181,"Pseudobatos lentiginosus (Garman, 1880)","EXACT",1043479,"available"
1043484,"Pseudobatos leucorhynchus",NA,NA,NA,"exact",NA,"Species",NA,NA,NA,"accepted",1043464,"https://www.marinespecies.org/aphia.php?p=taxdetails&id=1043484","(Günther, 1867)",NA,220,1043484,"Pseudobatos leucorhynchus","(Günther, 1867)",1043464,"Animalia","Chordata","Elasmobranchii","Rhinopristiformes","Rhinobatidae","Pseudobatos","Froese, R. and D. Pauly. Editors. (2024). FishBase. Pseudobatos leucorhynchus (Günther, 1867). Accessed through: World Register of Marine Species at: https://www.marinespecies.org/aphia.php?p=taxdetails&id=1043484 on 2024-04-02","urn:lsid:marinespecies.org:taxname:1043484",1,0,0,0,NA,"2017-11-08T08:07:26.557Z",9306388,"Pseudobatos leucorhynchus (Günther, 1867)","EXACT",1043484,"available"
1043607,"Pseudobatos percellens",NA,NA,NA,"exact",NA,"Species",NA,NA,NA,"accepted",1043464,"https://www.marinespecies.org/aphia.php?p=taxdetails&id=1043607","(Walbaum, 1792)",NA,220,1043607,"Pseudobatos percellens","(Walbaum, 1792)",1043464,"Animalia","Chordata","Elasmobranchii","Rhinopristiformes","Rhinobatidae","Pseudobatos","Froese, R. and D. Pauly. Editors. (2024). FishBase. Pseudobatos percellens (Walbaum, 1792). Accessed through: World Register of Marine Species at: https://www.marinespecies.org/aphia.php?p=taxdetails&id=1043607 on 2024-04-02","urn:lsid:marinespecies.org:taxname:1043607",1,0,0,0,NA,"2017-11-09T07:31:36.720Z",9273149,"Pseudobatos percellens (Walbaum, 1792)","EXACT",1043607,"available"
1043480,"Pseudobatos planiceps",NA,NA,NA,"exact",NA,"Species",NA,NA,NA,"accepted",1043464,"https://www.marinespecies.org/aphia.php?p=taxdetails&id=1043480","(Garman, 1880)",NA,220,1043480,"Pseudobatos planiceps","(Garman, 1880)",1043464,"Animalia","Chordata","Elasmobranchii","Rhinopristiformes","Rhinobatidae","Pseudobatos","Froese, R. and D. Pauly. Editors. (2024). FishBase. Pseudobatos planiceps (Garman, 1880). Accessed through: World Register of Marine Species at: https://www.marinespecies.org/aphia.php?p=taxdetails&id=1043480 on 2024-04-02","urn:lsid:marinespecies.org:taxname:1043480",1,0,0,0,NA,"2017-11-08T08:07:26.557Z",9333785,"Pseudobatos planiceps (Garman, 1880)","EXACT",1043480,"available"
1043465,"Pseudobatos prahli",NA,NA,NA,"exact",NA,"Species",NA,NA,NA,"accepted",1043464,"https://www.marinespecies.org/aphia.php?p=taxdetails&id=1043465","(Acero P. & Franke, 1995)",NA,220,1043465,"Pseudobatos prahli","(Acero P. & Franke, 1995)",1043464,"Animalia","Chordata","Elasmobranchii","Rhinopristiformes","Rhinobatidae","Pseudobatos","Froese, R. and D. Pauly. Editors. (2024). FishBase. Pseudobatos prahli (Acero P. & Franke, 1995). Accessed through: World Register of Marine Species at: https://www.marinespecies.org/aphia.php?p=taxdetails&id=1043465 on 2024-04-02","urn:lsid:marinespecies.org:taxname:1043465",1,0,0,0,NA,"2017-11-08T08:07:26.557Z",9600270,"Pseudobatos prahli (Acero P. & Franke, 1995)","EXACT",1043465,"unavailable"
1043469,"Pseudobatos productus",NA,NA,NA,"exact",NA,"Species",NA,NA,NA,"accepted",1043464,"https://www.marinespecies.org/aphia.php?p=taxdetails&id=1043469","(Ayres, 1854)",NA,220,1043469,"Pseudobatos productus","(Ayres, 1854)",1043464,"Animalia","Chordata","Elasmobranchii","Rhinopristiformes","Rhinobatidae","Pseudobatos","Froese, R. and D. Pauly. Editors. (2024). FishBase. Pseudobatos productus (Ayres, 1854). Accessed through: World Register of Marine Species at: https://www.marinespecies.org/aphia.php?p=taxdetails&id=1043469 on 2024-04-02","urn:lsid:marinespecies.org:taxname:1043469",1,1,0,0,NA,"2017-11-08T08:07:26.557Z",9479285,"Pseudobatos productus (Ayres, 1854)","EXACT",1043469,"available"
