"key","species","kingdom","phylum","class","order","family","genus","n_pts","n_rawpts","n_sdmpts"
286731,"Caryophyllia (Caryophyllia) berteriana","Animalia","Cnidaria","Anthozoa","Scleractinia","Caryophylliidae","Caryophyllia",0,2,1
135188,"Eguchipsammia cornucopia","Animalia","Cnidaria","Anthozoa","Scleractinia","Dendrophylliidae","Eguchipsammia",10,30,15
135196,"Flabellum (Flabellum) chunii","Animalia","Cnidaria","Anthozoa","Scleractinia","Flabellidae","Flabellum",56,148,130
346424,"Flabellum (Ulocyathus) apertum","Animalia","Cnidaria","Anthozoa","Scleractinia","Flabellidae","Flabellum",0,1,1
135130,"Anomocora fecunda","Animalia","Cnidaria","Anthozoa","Scleractinia","Caryophylliidae","Anomocora",17,52,70
101017,"Pseudocorynactis caribbeorum","Animalia","Cnidaria","Anthozoa","Corallimorpharia","Corallimorphidae","Pseudocorynactis",3,47,13
135212,"Madracis pharensis","Animalia","Cnidaria","Anthozoa","Scleractinia","Pocilloporidae","Madracis",58,123,80
135189,"Eguchipsammia gaditana","Animalia","Cnidaria","Anthozoa","Scleractinia","Dendrophylliidae","Eguchipsammia",8,21,19
289448,"Antipathella wollastoni","Animalia","Cnidaria","Anthozoa","Antipatharia","Myriopathidae","Antipathella",21,247,41
135157,"Deltocyathus moseleyi","Animalia","Cnidaria","Anthozoa","Scleractinia","Deltocyathidae","Deltocyathus",42,138,77
135163,"Paracyathus pulchellus","Animalia","Cnidaria","Anthozoa","Scleractinia","Caryophylliidae","Paracyathus",67,242,134
135141,"Caryophyllia (Caryophyllia) inornata","Animalia","Cnidaria","Anthozoa","Scleractinia","Caryophylliidae","Caryophyllia",272,1814,388
135138,"Caryophyllia (Caryophyllia) cyathus","Animalia","Cnidaria","Anthozoa","Scleractinia","Caryophylliidae","Caryophyllia",58,193,97
101016,"Corynactis viridis","Animalia","Cnidaria","Anthozoa","Corallimorpharia","Corallimorphidae","Corynactis",1070,17191,1461
125405,"Callogorgia verticillata","Animalia","Cnidaria","Anthozoa","Scleralcyonacea","Primnoidae","Callogorgia",108,328,158
135213,"Madracis profunda","Animalia","Cnidaria","Anthozoa","Scleractinia","Pocilloporidae","Madracis",6,12,14
288456,"Palythoa caribaeorum","Animalia","Cnidaria","Anthozoa","Zoantharia","Sphenopidae","Palythoa",1,1,3
135216,"Peponocyathus folliculus","Animalia","Cnidaria","Anthozoa","Scleractinia","Turbinoliidae","Peponocyathus",15,44,25
286276,"Leptogorgia ruberrima","Animalia","Cnidaria","Anthozoa","Malacalcyonacea","Gorgoniidae","Leptogorgia",5,38,11
125348,"Acanthogorgia armata","Animalia","Cnidaria","Anthozoa","Malacalcyonacea","Paramuriceidae","Acanthogorgia",95,275,102
135155,"Deltocyathus eccentricus","Animalia","Cnidaria","Anthozoa","Scleractinia","Deltocyathidae","Deltocyathus",27,79,44
135208,"Stenocyathus vermiformis","Animalia","Cnidaria","Anthozoa","Scleractinia","Stenocyathidae","Stenocyathus",56,184,101
135211,"Madracis asperula","Animalia","Cnidaria","Anthozoa","Scleractinia","Pocilloporidae","Madracis",8,16,17
135205,"Fungiacyathus (Bathyactis) marenzelleri","Animalia","Cnidaria","Anthozoa","Scleractinia","Fungiacyathidae","Fungiacyathus",91,230,151
125392,"Placogorgia coronata","Animalia","Cnidaria","Anthozoa","Malacalcyonacea","Paramuriceidae","Placogorgia",14,25,16
467546,"Antipathozoanthus macaronesicus","Animalia","Cnidaria","Anthozoa","Zoantharia","Parazoanthidae","Antipathozoanthus",7,79,13
582041,"Palythoa grandiflora","Animalia","Cnidaria","Anthozoa","Zoantharia","Sphenopidae","Palythoa",2,6,13
288840,"Zoanthus pulchellus","Animalia","Cnidaria","Anthozoa","Zoantharia","Zoanthidae","Zoanthus",1,4,3
101055,"Parazoanthus axinellae","Animalia","Cnidaria","Anthozoa","Zoantharia","Parazoanthidae","Parazoanthus",536,8016,713
283956,"Schizopathes affinis","Animalia","Cnidaria","Anthozoa","Antipatharia","Schizopathidae","Schizopathes",5,9,5
286719,"Anomocora prolifera","Animalia","Cnidaria","Anthozoa","Scleractinia","Caryophylliidae","Anomocora",14,27,19
135147,"Cladocora debilis","Animalia","Cnidaria","Anthozoa","Scleractinia","Cladocoridae","Cladocora",18,35,31
346430,"Phyllangia americana","Animalia","Cnidaria","Anthozoa","Scleractinia","Caryophylliidae","Phyllangia",31,41,38
135145,"Ceratotrochus magnaghii","Animalia","Cnidaria","Anthozoa","Scleractinia","Caryophylliidae","Ceratotrochus",5,14,23
135151,"Concentrotheca laevigata","Animalia","Cnidaria","Anthozoa","Scleractinia","Caryophylliidae","Concentrotheca",3,10,4
135133,"Caryophyllia (Caryophyllia) abyssorum","Animalia","Cnidaria","Anthozoa","Scleractinia","Caryophylliidae","Caryophyllia",29,74,46
546694,"Peponocyathus stimpsonii","Animalia","Cnidaria","Anthozoa","Scleractinia","Turbinoliidae","Peponocyathus",9,13,24
135193,"Leptopsammia pruvoti","Animalia","Cnidaria","Anthozoa","Scleractinia","Dendrophylliidae","Leptopsammia",306,4776,406
135203,"Fungiacyathus (Bathyactis) crispus","Animalia","Cnidaria","Anthozoa","Scleractinia","Fungiacyathidae","Fungiacyathus",12,20,18
135201,"Placotrochides frustum","Animalia","Cnidaria","Anthozoa","Scleractinia","Flabellidae","Placotrochides",2,7,4
125353,"Chrysogorgia quadruplex","Animalia","Cnidaria","Anthozoa","Scleralcyonacea","Chrysogorgiidae","Chrysogorgia",11,21,17
383014,"Savalia savaglia","Animalia","Cnidaria","Anthozoa","Zoantharia","Parazoanthidae","Savalia",77,265,103
135162,"Paracyathus arcuatus","Animalia","Cnidaria","Anthozoa","Scleractinia","Caryophylliidae","Paracyathus",1,4,38
135165,"Polycyathus muellerae","Animalia","Cnidaria","Anthozoa","Scleractinia","Caryophylliidae","Polycyathus",50,151,74
125406,"Candidella imbricata","Animalia","Cnidaria","Anthozoa","Scleralcyonacea","Primnoidae","Candidella",41,90,38
125360,"Viminella flagellum","Animalia","Cnidaria","Anthozoa","Scleralcyonacea","Ellisellidae","Viminella",62,261,103
517613,"Alcyonium maristenebrosi","Animalia","Cnidaria","Anthozoa","Malacalcyonacea","Alcyoniidae","Alcyonium",11,45,13
125370,"Leptogorgia viminalis","Animalia","Cnidaria","Anthozoa","Malacalcyonacea","Gorgoniidae","Leptogorgia",4,78,15
135181,"Balanophyllia (Balanophyllia) regia","Animalia","Cnidaria","Anthozoa","Scleractinia","Dendrophylliidae","Balanophyllia",111,474,158
135152,"Dasmosmilia lymani","Animalia","Cnidaria","Anthozoa","Scleractinia","Caryophylliidae","Dasmosmilia",22,74,38
125422,"Cervera atlantica","Animalia","Cnidaria","Anthozoa","Malacalcyonacea","Cerveridae","Cervera",0,0,0
1245747,"Desmophyllum pertusum","Animalia","Cnidaria","Anthozoa","Scleractinia","Caryophylliidae","Desmophyllum",956,6488,1816
135217,"Sphenotrochus (Sphenotrochus) andrewianus","Animalia","Cnidaria","Anthozoa","Scleractinia","Turbinoliidae","Sphenotrochus",30,113,42
581631,"Palythoa canariensis","Animalia","Cnidaria","Anthozoa","Zoantharia","Sphenopidae","Palythoa",0,3,4
101058,"Isaurus tuberculatus","Animalia","Cnidaria","Anthozoa","Zoantharia","Zoanthidae","Isaurus",0,2,2
283880,"Antipathes arborea","Animalia","Cnidaria","Anthozoa","Antipatharia","Antipathidae","Antipathes",0,0,0
207517,"Siderastrea radians","Animalia","Cnidaria","Anthozoa","Scleractinia","Rhizangiidae","Siderastrea",0,0,0
135171,"Stephanocyathus (Stephanocyathus) moseleyanus","Animalia","Cnidaria","Anthozoa","Scleractinia","Caryophylliidae","Stephanocyathus",49,122,91
135174,"Thalamophyllia gasti","Animalia","Cnidaria","Anthozoa","Scleractinia","Caryophylliidae","Thalamophyllia",5,18,15
135135,"Caryophyllia (Caryophyllia) ambrosia","Animalia","Cnidaria","Anthozoa","Scleractinia","Caryophylliidae","Caryophyllia",94,387,116
135187,"Dendrophyllia ramea","Animalia","Cnidaria","Anthozoa","Scleractinia","Dendrophylliidae","Dendrophyllia",25,50,48
135185,"Dendrophyllia cornigera","Animalia","Cnidaria","Anthozoa","Scleractinia","Dendrophylliidae","Dendrophyllia",73,181,123
125380,"Bebryce mollis","Animalia","Cnidaria","Anthozoa","Malacalcyonacea","Paramuriceidae","Bebryce",31,112,59
135159,"Desmophyllum dianthus","Animalia","Cnidaria","Anthozoa","Scleractinia","Caryophylliidae","Desmophyllum",207,507,334
103334,"Stichopathes gracilis","Animalia","Cnidaria","Anthozoa","Antipatharia","Antipathidae","Stichopathes",4,8,9
290265,"Labyrinthocyathus facetus","Animalia","Cnidaria","Anthozoa","Scleractinia","Caryophylliidae","Labyrinthocyathus",0,1,1
135148,"Coenocyathus anthophyllites","Animalia","Cnidaria","Anthozoa","Scleractinia","Caryophylliidae","Coenocyathus",7,25,13
135166,"Pourtalosmilia anthophyllites","Animalia","Cnidaria","Anthozoa","Scleractinia","Caryophylliidae","Pourtalosmilia",7,39,16
135132,"Aulocyathus atlanticus","Animalia","Cnidaria","Anthozoa","Scleractinia","Caryophylliidae","Aulocyathus",16,58,32
135199,"Javania pseudoalabastra","Animalia","Cnidaria","Anthozoa","Scleractinia","Flabellidae","Javania",5,8,6
135194,"Flabellum (Ulocyathus) alabastrum","Animalia","Cnidaria","Anthozoa","Scleractinia","Flabellidae","Flabellum",123,276,189
135209,"Madrepora oculata","Animalia","Cnidaria","Anthozoa","Scleractinia","Oculinidae","Madrepora",265,1141,398
125383,"Muriceides lepida","Animalia","Cnidaria","Anthozoa","Malacalcyonacea","Paramuriceidae","Muriceides",0,4,8
125371,"Acanella arbuscula","Animalia","Cnidaria","Anthozoa","Scleralcyonacea","Keratoisididae","Acanella",152,355,172
288461,"Palythoa grandis","Animalia","Cnidaria","Anthozoa","Zoantharia","Sphenopidae","Palythoa",0,0,1
128536,"Veretillum cynomorium","Animalia","Cnidaria","Anthozoa","Scleralcyonacea","Veretillidae","Veretillum",131,434,156
135143,"Caryophyllia (Caryophyllia) seguenzae","Animalia","Cnidaria","Anthozoa","Scleractinia","Caryophylliidae","Caryophyllia",32,106,63
135144,"Caryophyllia (Caryophyllia) smithii","Animalia","Cnidaria","Anthozoa","Scleractinia","Caryophylliidae","Caryophyllia",2270,32453,3150
101015,"Corallimorphus ingens","Animalia","Cnidaria","Anthozoa","Corallimorpharia","Corallimorphidae","Corallimorphus",0,18,10
125373,"Isidella elongata","Animalia","Cnidaria","Anthozoa","Scleralcyonacea","Keratoisididae","Isidella",35,71,40
283909,"Antipathes lenta","Animalia","Cnidaria","Anthozoa","Antipatharia","Antipathidae","Antipathes",0,1,2
291183,"Tanacetipathes wirtzi","Animalia","Cnidaria","Anthozoa","Antipatharia","Myriopathidae","Tanacetipathes",0,0,1
135172,"Stephanocyathus (Odontocyathus) nobilis","Animalia","Cnidaria","Anthozoa","Scleractinia","Caryophylliidae","Stephanocyathus",48,136,72
135136,"Caryophyllia (Caryophyllia) atlantica","Animalia","Cnidaria","Anthozoa","Scleractinia","Caryophylliidae","Caryophyllia",14,32,25
125388,"Paramuricea grayi","Animalia","Cnidaria","Anthozoa","Malacalcyonacea","Paramuriceidae","Paramuricea",10,35,19
128530,"Umbellula huxleyi","Animalia","Cnidaria","Anthozoa","Scleralcyonacea","Umbellulidae","Umbellula",77,111,97
207128,"Astreopora myriophthalma","Animalia","Cnidaria","Anthozoa","Scleractinia","Acroporidae","Astreopora",0,1,5
472932,"Parantipathes hirondelle","Animalia","Cnidaria","Anthozoa","Antipatharia","Schizopathidae","Parantipathes",15,17,24
135168,"Solenosmilia variabilis","Animalia","Cnidaria","Anthozoa","Scleractinia","Caryophylliidae","Solenosmilia",78,310,153
135198,"Javania cailleti","Animalia","Cnidaria","Anthozoa","Scleractinia","Flabellidae","Javania",25,62,42
135202,"Truncatoflabellum stabile","Animalia","Cnidaria","Anthozoa","Scleractinia","Flabellidae","Truncatoflabellum",2,9,3
135195,"Flabellum (Ulocyathus) angulare","Animalia","Cnidaria","Anthozoa","Scleractinia","Flabellidae","Flabellum",49,130,61
125385,"Paramuricea biscaya","Animalia","Cnidaria","Anthozoa","Malacalcyonacea","Paramuriceidae","Paramuricea",23,46,29
135177,"Vaughanella concinna","Animalia","Cnidaria","Anthozoa","Scleractinia","Caryophylliidae","Vaughanella",21,46,39
135156,"Deltocyathus italicus","Animalia","Cnidaria","Anthozoa","Scleractinia","Deltocyathidae","Deltocyathus",21,105,52
135204,"Fungiacyathus (Fungiacyathus) fragilis","Animalia","Cnidaria","Anthozoa","Scleractinia","Fungiacyathidae","Fungiacyathus",20,49,44
125372,"Chelidonisis aurantiaca","Animalia","Cnidaria","Anthozoa","Scleralcyonacea","Chelidonisididae","Chelidonisis",10,19,11
135200,"Monomyces pygmaea","Animalia","Cnidaria","Anthozoa","Scleractinia","Flabellidae","Monomyces",8,38,22
128520,"Pteroeides lusitanicum","Animalia","Cnidaria","Anthozoa","Scleralcyonacea","Pennatulidae","Pteroeides",0,0,0
135149,"Coenocyathus cylindricus","Animalia","Cnidaria","Anthozoa","Scleractinia","Caryophylliidae","Coenocyathus",3,9,5
181504,"Pteroeides griseum","Animalia","Cnidaria","Anthozoa","Scleralcyonacea","Pennatulidae","Pteroeides",97,173,109
135137,"Caryophyllia (Caryophyllia) calveri","Animalia","Cnidaria","Anthozoa","Scleractinia","Caryophylliidae","Caryophyllia",32,109,85
135142,"Caryophyllia (Caryophyllia) sarsiae","Animalia","Cnidaria","Anthozoa","Scleractinia","Caryophylliidae","Caryophyllia",30,70,44
135207,"Schizocyathus fissilis","Animalia","Cnidaria","Anthozoa","Scleractinia","Schizocyathidae","Schizocyathus",12,31,17
135190,"Enallopsammia rostrata","Animalia","Cnidaria","Anthozoa","Scleractinia","Dendrophylliidae","Enallopsammia",19,53,36
286790,"Deltocyathus andamanicus","Animalia","Cnidaria","Anthozoa","Scleractinia","Deltocyathidae","Deltocyathus",1,3,4
135170,"Stephanocyathus (Stephanocyathus) crassus","Animalia","Cnidaria","Anthozoa","Scleractinia","Caryophylliidae","Stephanocyathus",10,35,27
286852,"Stephanocyathus (Stephanocyathus) diadema","Animalia","Cnidaria","Anthozoa","Scleractinia","Caryophylliidae","Stephanocyathus",4,13,9
286789,"Deltocyathus agassizi","Animalia","Cnidaria","Anthozoa","Scleractinia","Deltocyathidae","Deltocyathus",2,4,6
578142,"Caryophyllia arcuata","Animalia","Cnidaria","Anthozoa","Scleractinia","Caryophylliidae","Caryophyllia",6,17,22
103311,"Antipathes fragilis","Animalia","Cnidaria","Anthozoa","Antipatharia","Antipathidae","Antipathes",0,0,0
135167,"Premocyathus cornuformis","Animalia","Cnidaria","Anthozoa","Scleractinia","Caryophylliidae","Premocyathus",42,181,63
135206,"Guynia annulata","Animalia","Cnidaria","Anthozoa","Scleractinia","Guyniidae","Guynia",8,14,13
103312,"Antipathes furcata","Animalia","Cnidaria","Anthozoa","Antipatharia","Antipathidae","Antipathes",0,0,0
291174,"Tanacetipathes cavernicola","Animalia","Cnidaria","Anthozoa","Antipatharia","Myriopathidae","Tanacetipathes",0,0,1
135160,"Hoplangia durotrix","Animalia","Cnidaria","Anthozoa","Scleractinia","Caryophylliidae","Hoplangia",98,393,146
103333,"Stichopathes flagellum","Animalia","Cnidaria","Anthozoa","Antipatharia","Antipathidae","Stichopathes",2,6,6
125394,"Placogorgia intermedia","Animalia","Cnidaria","Anthozoa","Malacalcyonacea","Paramuriceidae","Placogorgia",6,18,9
103326,"Leiopathes glaberrima","Animalia","Cnidaria","Anthozoa","Antipatharia","Leiopathidae","Leiopathes",28,116,36
135134,"Caryophyllia (Caryophyllia) alberti","Animalia","Cnidaria","Anthozoa","Scleractinia","Caryophylliidae","Caryophyllia",35,92,48
135153,"Dasmosmilia variegata","Animalia","Cnidaria","Anthozoa","Scleractinia","Caryophylliidae","Dasmosmilia",7,15,7
135182,"Balanophyllia (Balanophyllia) thalassae","Animalia","Cnidaria","Anthozoa","Scleractinia","Dendrophylliidae","Balanophyllia",16,58,25
125397,"Spinimuricea atlantica","Animalia","Cnidaria","Anthozoa","Malacalcyonacea","Paramuriceidae","Spinimuricea",0,2,1
177846,"Lepidisis cyanae","Animalia","Cnidaria","Anthozoa","Scleralcyonacea","Keratoisididae","Lepidisis",0,0,1
125366,"Eunicella verrucosa","Animalia","Cnidaria","Anthozoa","Malacalcyonacea","Eunicellidae","Eunicella",642,11361,839
816001,"Bathypathes robusta","Animalia","Cnidaria","Anthozoa","Antipatharia","Schizopathidae","Bathypathes",2,7,3
125358,"Ellisella paraplexauroides","Animalia","Cnidaria","Anthozoa","Scleralcyonacea","Ellisellidae","Ellisella",8,14,10
1522164,"Eunicella filiformis","Animalia","Cnidaria","Anthozoa","Malacalcyonacea","Eunicellidae","Eunicella",1,8,5
283935,"Antipathes viminalis","Animalia","Cnidaria","Anthozoa","Antipatharia","Antipathidae","Antipathes",8,33,9
128506,"Funiculina quadrangularis","Animalia","Cnidaria","Anthozoa","Scleralcyonacea","Funiculinidae","Funiculina",747,2933,961
125331,"Alcyonium acaule","Animalia","Cnidaria","Anthozoa","Malacalcyonacea","Alcyoniidae","Alcyonium",151,959,172
103309,"Antipathes dichotoma","Animalia","Cnidaria","Anthozoa","Antipatharia","Antipathidae","Antipathes",22,152,30
103330,"Stichopathes abyssicola","Animalia","Cnidaria","Anthozoa","Antipatharia","Antipathidae","Stichopathes",11,17,11
286036,"Telestula verseveldti","Animalia","Cnidaria","Anthozoa","Scleralcyonacea","Sarcodictyonidae","Telestula",0,1,1
125375,"Keratoisis flexibilis","Animalia","Cnidaria","Anthozoa","Scleralcyonacea","Keratoisididae","Keratoisis",0,1,1
103327,"Leiopathes grimaldii","Animalia","Cnidaria","Anthozoa","Antipatharia","Leiopathidae","Leiopathes",6,9,10
135146,"Cladocora caespitosa","Animalia","Cnidaria","Anthozoa","Scleractinia","Cladocoridae","Cladocora",435,3081,729
125334,"Alcyonium palmatum","Animalia","Cnidaria","Anthozoa","Malacalcyonacea","Alcyoniidae","Alcyonium",235,418,260
125416,"Corallium rubrum","Animalia","Cnidaria","Anthozoa","Scleralcyonacea","Coralliidae","Corallium",564,5366,709
135210,"Oculina patagonica","Animalia","Cnidaria","Anthozoa","Scleractinia","Oculinidae","Oculina",64,325,110
132159,"Alcyonium glomeratum","Animalia","Cnidaria","Anthozoa","Malacalcyonacea","Alcyoniidae","Alcyonium",399,4249,493
125343,"Scyphopodium ingolfi","Animalia","Cnidaria","Anthozoa","Malacalcyonacea","Tubiporidae","Scyphopodium",1,2,2
289303,"Abyssopathes lyra","Animalia","Cnidaria","Anthozoa","Antipatharia","Cladopathidae","Abyssopathes",1,1,17
135179,"Balanophyllia (Balanophyllia) cellulosa","Animalia","Cnidaria","Anthozoa","Scleractinia","Dendrophylliidae","Balanophyllia",10,57,29
291112,"Stauropathes punctata","Animalia","Cnidaria","Anthozoa","Antipatharia","Schizopathidae","Stauropathes",6,15,6
135192,"Leptopsammia formosa","Animalia","Cnidaria","Anthozoa","Scleractinia","Dendrophylliidae","Leptopsammia",14,33,23
125404,"Villogorgia bebrycoides","Animalia","Cnidaria","Anthozoa","Malacalcyonacea","Paramuriceidae","Villogorgia",20,59,30
128533,"Umbellula thomsoni","Animalia","Cnidaria","Anthozoa","Scleralcyonacea","Umbellulidae","Umbellula",16,22,20
135197,"Flabellum (Ulocyathus) macandrewi","Animalia","Cnidaria","Anthozoa","Scleractinia","Flabellidae","Flabellum",59,168,77
183476,"Umbellula durissima","Animalia","Cnidaria","Anthozoa","Scleralcyonacea","Umbellulidae","Umbellula",5,10,6
135178,"Astroides calycularis","Animalia","Cnidaria","Anthozoa","Scleractinia","Dendrophylliidae","Astroides",104,384,132
103328,"Parantipathes larix","Animalia","Cnidaria","Anthozoa","Antipatharia","Schizopathidae","Parantipathes",6,22,16
125369,"Leptogorgia sarmentosa","Animalia","Cnidaria","Anthozoa","Malacalcyonacea","Gorgoniidae","Leptogorgia",169,1567,200
125356,"Radicipes challengeri","Animalia","Cnidaria","Anthozoa","Scleralcyonacea","Chrysogorgiidae","Radicipes",16,37,16
125387,"Paramuricea clavata","Animalia","Cnidaria","Anthozoa","Malacalcyonacea","Paramuriceidae","Paramuricea",390,6943,473
125400,"Swiftia dubia","Animalia","Cnidaria","Anthozoa","Malacalcyonacea","Plexauridae","Swiftia",20,32,29
125395,"Placogorgia massiliensis","Animalia","Cnidaria","Anthozoa","Malacalcyonacea","Paramuriceidae","Placogorgia",4,7,5
128531,"Umbellula lindahli","Animalia","Cnidaria","Anthozoa","Scleralcyonacea","Umbellulidae","Umbellula",25,99,37
125423,"Cornularia cornucopiae","Animalia","Cnidaria","Anthozoa","Scleralcyonacea","Cornulariidae","Cornularia",13,40,31
125365,"Eunicella singularis","Animalia","Cnidaria","Anthozoa","Malacalcyonacea","Eunicellidae","Eunicella",359,4204,458
128517,"Pennatula phosphorea","Animalia","Cnidaria","Anthozoa","Scleralcyonacea","Pennatulidae","Pennatula",941,5522,1151
128515,"Pennatula aculeata","Animalia","Cnidaria","Anthozoa","Scleralcyonacea","Pennatulidae","Pennatula",31,48,59
125414,"Anthothela grandiflora","Animalia","Cnidaria","Anthozoa","Malacalcyonacea","Alcyoniidae","Anthothela",25,41,32
128514,"Gyrophyllum hirondellei","Animalia","Cnidaria","Anthozoa","Scleralcyonacea","0","Gyrophyllum",5,8,9
565324,"Dendrobrachia bonsai","Animalia","Cnidaria","Anthozoa","Scleralcyonacea","Dendrobrachiidae","Dendrobrachia",4,5,4
103325,"Leiopathes expansa","Animalia","Cnidaria","Anthozoa","Antipatharia","Leiopathidae","Leiopathes",3,4,3
128519,"Pennatula rubra","Animalia","Cnidaria","Anthozoa","Scleralcyonacea","Pennatulidae","Pennatula",98,185,107
135180,"Balanophyllia (Balanophyllia) europaea","Animalia","Cnidaria","Anthozoa","Scleractinia","Dendrophylliidae","Balanophyllia",326,2796,431
286030,"Sarcodictyon catenatum","Animalia","Cnidaria","Anthozoa","Scleralcyonacea","Sarcodictyonidae","Sarcodictyon",26,55,41
125403,"Thesea talismani","Animalia","Cnidaria","Anthozoa","Malacalcyonacea","Malacalcyonacea incertae sedis","Thesea",1,1,1
128512,"Kophobelemnon stelliferum","Animalia","Cnidaria","Anthozoa","Scleralcyonacea","Kophobelemnidae","Kophobelemnon",344,914,383
128539,"Virgularia mirabilis","Animalia","Cnidaria","Anthozoa","Scleralcyonacea","Virgulariidae","Virgularia",1502,8519,1998
1608729,"Callistephanus pallida","Animalia","Cnidaria","Anthozoa","Malacalcyonacea","Gorgoniidae","Callistephanus",153,1101,232
125421,"Paralcyonium spinulosum","Animalia","Cnidaria","Anthozoa","Malacalcyonacea","Paralcyoniidae","Paralcyonium",11,53,18
125361,"Eunicella cavolini","Animalia","Cnidaria","Anthozoa","Malacalcyonacea","Eunicellidae","Eunicella",362,6266,474
286778,"Cladocora arbuscula","Animalia","Cnidaria","Anthozoa","Scleractinia","Cladocoridae","Cladocora",0,1,1
125389,"Paramuricea macrospina","Animalia","Cnidaria","Anthozoa","Malacalcyonacea","Paramuriceidae","Paramuricea",82,211,90
1369615,"Balanophyllia italica","Animalia","Cnidaria","Anthozoa","Scleractinia","Dendrophylliidae","Balanophyllia",0,3,4
125338,"Clavularia crassa","Animalia","Cnidaria","Anthozoa","Malacalcyonacea","Clavulariidae","Clavularia",45,131,65
207486,"Platygyra sinensis","Animalia","Cnidaria","Anthozoa","Scleractinia","Merulinidae","Platygyra",0,0,7
883025,"Heteropathes opreski","Animalia","Cnidaria","Anthozoa","Antipatharia","Cladopathidae","Heteropathes",0,0,2
288363,"Culicia stellata","Animalia","Cnidaria","Anthozoa","Scleractinia","Rhizangiidae","Culicia",0,0,0
287376,"Alcyonium profundum","Animalia","Cnidaria","Anthozoa","Malacalcyonacea","Alcyoniidae","Alcyonium",0,4,1
125357,"Radicipes gracilis","Animalia","Cnidaria","Anthozoa","Scleralcyonacea","Chrysogorgiidae","Radicipes",3,5,5
125396,"Placogorgia terceira","Animalia","Cnidaria","Anthozoa","Malacalcyonacea","Paramuriceidae","Placogorgia",13,26,19
286147,"Chrysogorgia squamata","Animalia","Cnidaria","Anthozoa","Scleralcyonacea","Chrysogorgiidae","Chrysogorgia",1,2,1
177844,"Isidella longiflora","Animalia","Cnidaria","Anthozoa","Scleralcyonacea","Keratoisididae","Isidella",2,8,5
125410,"Paracalyptrophora josephinae","Animalia","Cnidaria","Anthozoa","Scleralcyonacea","Primnoidae","Paracalyptrophora",21,90,40
955838,"Alcyonium burmedju","Animalia","Cnidaria","Anthozoa","Malacalcyonacea","Alcyoniidae","Alcyonium",5,12,5
287088,"Fungiacyathus (Bathyactis) symmetricus","Animalia","Cnidaria","Anthozoa","Scleractinia","Fungiacyathidae","Fungiacyathus",0,15,14
512137,"Bathelia candida","Animalia","Cnidaria","Anthozoa","Scleractinia","Oculinidae","Bathelia",0,3,3
1361211,"Caryophyllia cylindracea","Animalia","Cnidaria","Anthozoa","Scleractinia","Caryophylliidae","Caryophyllia",0,5,5
173023,"Caryophyllia (Caryophyllia) profunda","Animalia","Cnidaria","Anthozoa","Scleractinia","Caryophylliidae","Caryophyllia",0,2,2
135184,"Dendrophyllia alternata","Animalia","Cnidaria","Anthozoa","Scleractinia","Dendrophylliidae","Dendrophyllia",3,23,6
125418,"Paragorgia arborea","Animalia","Cnidaria","Anthozoa","Scleralcyonacea","Coralliidae","Paragorgia",43,760,79
125419,"Paragorgia johnsoni","Animalia","Cnidaria","Anthozoa","Scleralcyonacea","Coralliidae","Paragorgia",6,22,8
125351,"Chrysogorgia agassizii","Animalia","Cnidaria","Anthozoa","Scleralcyonacea","Chrysogorgiidae","Chrysogorgia",14,34,21
125409,"Narella versluysi","Animalia","Cnidaria","Anthozoa","Scleralcyonacea","Primnoidae","Narella",31,445,34
472931,"Stichopathes gravieri","Animalia","Cnidaria","Anthozoa","Antipatharia","Antipathidae","Stichopathes",10,397,19
135140,"Caryophyllia (Caryophyllia) foresti","Animalia","Cnidaria","Anthozoa","Scleractinia","Caryophylliidae","Caryophyllia",10,29,20
289447,"Antipathella subpinnata","Animalia","Cnidaria","Anthozoa","Antipatharia","Myriopathidae","Antipathella",34,114,53
125381,"Dentomuricea meteor","Animalia","Cnidaria","Anthozoa","Malacalcyonacea","Paramuriceidae","Dentomuricea",2,14,7
125413,"Thouarella (Euthouarella) hilgendorfi","Animalia","Cnidaria","Anthozoa","Scleralcyonacea","Primnoidae","Thouarella",6,12,7
992956,"Zibrowius primnoidus","Animalia","Cnidaria","Anthozoa","Zoantharia","Parazoanthidae","Zibrowius",4,8,4
101036,"Epizoanthus paguriphilus","Animalia","Cnidaria","Anthozoa","Zoantharia","Epizoanthidae","Epizoanthus",0,21,20
992954,"Zibrowius alberti","Animalia","Cnidaria","Anthozoa","Zoantharia","Parazoanthidae","Zibrowius",4,8,4
1580310,"Phanopathes erinaceus","Animalia","Cnidaria","Anthozoa","Antipatharia","Aphanipathidae","Phanopathes",3,4,3
283853,"Epizoanthus fatuus","Animalia","Cnidaria","Anthozoa","Zoantharia","Epizoanthidae","Epizoanthus",0,2,1
135176,"Trochocyathus (Trochocyathus) spinosocostatus","Animalia","Cnidaria","Anthozoa","Scleractinia","Caryophylliidae","Trochocyathus",1,6,2
101018,"Nectactis singularis","Animalia","Cnidaria","Anthozoa","Corallimorpharia","Sideractinidae","Nectactis",14,46,22
125386,"Paramuricea candida","Animalia","Cnidaria","Anthozoa","Malacalcyonacea","Paramuriceidae","Paramuricea",3,4,5
286154,"Iridogorgia magnispiralis","Animalia","Cnidaria","Anthozoa","Scleralcyonacea","Chrysogorgiidae","Iridogorgia",0,0,0
724721,"Pseudoanthomastus agaricus","Animalia","Cnidaria","Anthozoa","Scleralcyonacea","Coralliidae","Pseudoanthomastus",16,32,19
1311257,"Hemicorallium niobe","Animalia","Cnidaria","Anthozoa","Scleralcyonacea","Coralliidae","Hemicorallium",6,11,7
1311281,"Pleurocorallium johnsoni","Animalia","Cnidaria","Anthozoa","Scleralcyonacea","Coralliidae","Pleurocorallium",10,22,13
291111,"Stauropathes arctica","Animalia","Cnidaria","Anthozoa","Antipatharia","Schizopathidae","Stauropathes",18,31,21
287347,"Alcyonium bocagei","Animalia","Cnidaria","Anthozoa","Malacalcyonacea","Alcyoniidae","Alcyonium",8,53,11
711008,"Clavularia tenuis","Animalia","Cnidaria","Anthozoa","Malacalcyonacea","Clavulariidae","Clavularia",3,4,3
283832,"Corallimorphus rigidus","Animalia","Cnidaria","Anthozoa","Corallimorpharia","Corallimorphidae","Corallimorphus",0,4,3
286034,"Telestula kuekenthali","Animalia","Cnidaria","Anthozoa","Scleralcyonacea","Sarcodictyonidae","Telestula",0,2,1
1045586,"Lateothela grandiflora","Animalia","Cnidaria","Anthozoa","Malacalcyonacea","Alcyoniidae","Lateothela",5,13,6
125376,"Keratoisis grayi","Animalia","Cnidaria","Anthozoa","Scleralcyonacea","Keratoisididae","Keratoisis",5,8,7
289518,"Bellonella tenuis","Animalia","Cnidaria","Anthozoa","Malacalcyonacea","Alcyoniidae","Bellonella",1,1,1
177823,"Chrysogorgia elegans","Animalia","Cnidaria","Anthozoa","Scleralcyonacea","Chrysogorgiidae","Chrysogorgia",3,3,3
125354,"Iridogorgia pourtalesii","Animalia","Cnidaria","Anthozoa","Scleralcyonacea","Chrysogorgiidae","Iridogorgia",1,1,1
724722,"Pseudoanthomastus mariejoseae","Animalia","Cnidaria","Anthozoa","Scleralcyonacea","Coralliidae","Pseudoanthomastus",2,2,2
286118,"Chrysogorgia fewkesii","Animalia","Cnidaria","Anthozoa","Scleralcyonacea","Chrysogorgiidae","Chrysogorgia",1,1,1
291296,"Victorgorgia josephinae","Animalia","Cnidaria","Anthozoa","Malacalcyonacea","Victorgorgiidae","Victorgorgia",0,0,1
103323,"Bathypathes patula","Animalia","Cnidaria","Anthozoa","Antipatharia","Schizopathidae","Bathypathes",13,33,17
125363,"Eunicella gazella","Animalia","Cnidaria","Anthozoa","Malacalcyonacea","Eunicellidae","Eunicella",13,35,20
125332,"Alcyonium coralloides","Animalia","Cnidaria","Anthozoa","Malacalcyonacea","Alcyoniidae","Alcyonium",184,1641,227
125333,"Alcyonium digitatum","Animalia","Cnidaria","Anthozoa","Malacalcyonacea","Alcyoniidae","Alcyonium",3821,69440,4858
125364,"Eunicella labiata","Animalia","Cnidaria","Anthozoa","Malacalcyonacea","Eunicellidae","Eunicella",4,12,6
101025,"Epizoanthus couchii","Animalia","Cnidaria","Anthozoa","Zoantharia","Epizoanthidae","Epizoanthus",602,5127,774
128528,"Protoptilum thomsonii","Animalia","Cnidaria","Anthozoa","Scleralcyonacea","Protoptilidae","Protoptilum",17,37,18
101054,"Parazoanthus anguicomus","Animalia","Cnidaria","Anthozoa","Zoantharia","Parazoanthidae","Parazoanthus",160,1099,194
101023,"Epizoanthus arenaceus","Animalia","Cnidaria","Anthozoa","Zoantharia","Epizoanthidae","Epizoanthus",73,248,101
763067,"Goniastrea stelligera","Animalia","Cnidaria","Anthozoa","Scleractinia","Merulinidae","Goniastrea",0,0,0
128537,"Stylatula elegans","Animalia","Cnidaria","Anthozoa","Scleralcyonacea","Virgulariidae","Stylatula",67,135,118
290045,"Gorgonia ventalina","Animalia","Cnidaria","Anthozoa","Malacalcyonacea","Gorgoniidae","Gorgonia",2,5,5
101053,"Isozoanthus sulcatus","Animalia","Cnidaria","Anthozoa","Zoantharia","Parazoanthidae","Isozoanthus",240,1869,339
287022,"Flabellum (Flabellum) pavoninum","Animalia","Cnidaria","Anthozoa","Scleractinia","Flabellidae","Flabellum",0,9,9
759255,"Eknomisis dalioi","Animalia","Cnidaria","Anthozoa","Scleralcyonacea","Keratoisididae","Eknomisis",1,2,1
128535,"Cavernularia pusilla","Animalia","Cnidaria","Anthozoa","Scleralcyonacea","Veretillidae","Cavernularia",5,40,11
581617,"Palythoa arenacea","Animalia","Cnidaria","Anthozoa","Zoantharia","Sphenopidae","Palythoa",0,7,11
207246,"Porites lutea","Animalia","Cnidaria","Anthozoa","Scleractinia","Poritidae","Porites",0,0,4
135183,"Cladopsammia rolandi","Animalia","Cnidaria","Anthozoa","Scleractinia","Dendrophylliidae","Cladopsammia",3,7,4
291251,"Tubastraea coccinea","Animalia","Cnidaria","Anthozoa","Scleractinia","Dendrophylliidae","Tubastraea",0,0,4
207366,"Galaxea fascicularis","Animalia","Cnidaria","Anthozoa","Scleractinia","Euphylliidae","Galaxea",0,0,45
125420,"Maasella edwardsii","Animalia","Cnidaria","Anthozoa","Malacalcyonacea","Paralcyoniidae","Maasella",60,351,68
283943,"Bathypathes bifida","Animalia","Cnidaria","Anthozoa","Antipatharia","Schizopathidae","Bathypathes",1,1,1
286910,"Balanophyllia (Balanophyllia) cornu","Animalia","Cnidaria","Anthozoa","Scleractinia","Dendrophylliidae","Balanophyllia",0,0,0
135173,"Tethocyathus variabilis","Animalia","Cnidaria","Anthozoa","Scleractinia","Caryophylliidae","Tethocyathus",2,3,4
286032,"Telestula batoni","Animalia","Cnidaria","Anthozoa","Scleralcyonacea","Sarcodictyonidae","Telestula",0,2,1
287652,"Calyptrophora clinata","Animalia","Cnidaria","Anthozoa","Scleralcyonacea","Primnoidae","Calyptrophora",1,4,3
125359,"Nicella granifera","Animalia","Cnidaria","Anthozoa","Scleralcyonacea","Ellisellidae","Nicella",2,3,14
286012,"Anthomastus canariensis","Animalia","Cnidaria","Anthozoa","Scleralcyonacea","Coralliidae","Anthomastus",7,10,7
125335,"Anthomastus grandiflorus","Animalia","Cnidaria","Anthozoa","Scleralcyonacea","Coralliidae","Anthomastus",11,66,24
289519,"Bellonella variabilis","Animalia","Cnidaria","Anthozoa","Malacalcyonacea","Alcyoniidae","Bellonella",0,3,2
157967,"Astrangia poculata","Animalia","Cnidaria","Anthozoa","Scleractinia","Astrangiidae","Astrangia",0,0,1
177838,"Narella bellissima","Animalia","Cnidaria","Anthozoa","Scleralcyonacea","Primnoidae","Narella",16,40,17
101035,"Epizoanthus paguricola","Animalia","Cnidaria","Anthozoa","Zoantharia","Epizoanthidae","Epizoanthus",6,11,11
101043,"Epizoanthus vagus","Animalia","Cnidaria","Anthozoa","Zoantharia","Epizoanthidae","Epizoanthus",0,4,5
290495,"Notisis elongata","Animalia","Cnidaria","Anthozoa","Scleralcyonacea","Mopseidae","Notisis",0,0,0
125398,"Spinimuricea klavereni","Animalia","Cnidaria","Anthozoa","Malacalcyonacea","Paramuriceidae","Spinimuricea",2,9,4
286727,"Caryophyllia (Caryophyllia) antillarum","Animalia","Cnidaria","Anthozoa","Scleractinia","Caryophylliidae","Caryophyllia",0,0,1
1311244,"Hemicorallium bayeri","Animalia","Cnidaria","Anthozoa","Scleralcyonacea","Coralliidae","Hemicorallium",1,2,1
1428262,"Trissopathes grasshoffi","Animalia","Cnidaria","Anthozoa","Antipatharia","Cladopathidae","Trissopathes",3,9,4
101038,"Epizoanthus paxii","Animalia","Cnidaria","Anthozoa","Zoantharia","Epizoanthidae","Epizoanthus",29,82,38
101019,"Sideractis glacialis","Animalia","Cnidaria","Anthozoa","Corallimorpharia","Sideractinidae","Sideractis",4,16,12
156103,"Gersemia rubiformis","Animalia","Cnidaria","Anthozoa","Malacalcyonacea","Alcyoniidae","Gersemia",19,344,25
290548,"Oulastrea crispata","Animalia","Cnidaria","Anthozoa","Scleractinia","Oulastreidae","Oulastrea",1,2,1
209618,"Sarcophyton trocheliophorum","Animalia","Cnidaria","Anthozoa","Malacalcyonacea","Sarcophytidae","Sarcophyton",0,0,2
815620,"Parazoanthus juan-fernandezii","Animalia","Cnidaria","Anthozoa","Zoantharia","Parazoanthidae","Parazoanthus",1,4,1
286416,"Swiftia exserta","Animalia","Cnidaria","Anthozoa","Malacalcyonacea","Plexauridae","Swiftia",0,1,1
289919,"Erythropodium caribaeorum","Animalia","Cnidaria","Anthozoa","Scleralcyonacea","Erythropodiidae","Erythropodium",0,2,1
207507,"Turbinaria reniformis","Animalia","Cnidaria","Anthozoa","Scleractinia","Dendrophylliidae","Turbinaria",0,1,85
290029,"Gorgonia flabellum","Animalia","Cnidaria","Anthozoa","Malacalcyonacea","Gorgoniidae","Gorgonia",0,4,1
207373,"Mycedium elephantotus","Animalia","Cnidaria","Anthozoa","Scleractinia","Merulinidae","Mycedium",0,2,9
290032,"Gorgonia mariae","Animalia","Cnidaria","Anthozoa","Malacalcyonacea","Gorgoniidae","Gorgonia",0,2,1
288889,"Porites astreoides","Animalia","Cnidaria","Anthozoa","Scleractinia","Poritidae","Porites",0,1,1
157969,"Epizoanthus cancrisocius","Animalia","Cnidaria","Anthozoa","Zoantharia","Epizoanthidae","Epizoanthus",0,7,7
1311285,"Pleurocorallium occultum","Animalia","Cnidaria","Anthozoa","Scleralcyonacea","Coralliidae","Pleurocorallium",2,7,2
103329,"Schizopathes crassa","Animalia","Cnidaria","Anthozoa","Antipatharia","Schizopathidae","Schizopathes",0,3,2
1379630,"Ptilella grandis","Animalia","Cnidaria","Anthozoa","Scleralcyonacea","Pennatulidae","Ptilella",18,37,39
125336,"Anthomastus purpureus","Animalia","Cnidaria","Anthozoa","Scleralcyonacea","Coralliidae","Anthomastus",2,2,2
289939,"Eusmilia fastigiata","Animalia","Cnidaria","Anthozoa","Scleractinia","Meandrinidae","Eusmilia",0,0,0
206982,"Stylophora pistillata","Animalia","Cnidaria","Anthozoa","Scleractinia","Pocilloporidae","Stylophora",0,0,17
207516,"Siderastrea siderea","Animalia","Cnidaria","Anthozoa","Scleractinia","Rhizangiidae","Siderastrea",0,0,0
207449,"Favites abdita","Animalia","Cnidaria","Anthozoa","Scleractinia","Merulinidae","Favites",0,0,1
207417,"Diploastrea heliopora","Animalia","Cnidaria","Anthozoa","Scleractinia","Diploastraeidae","Diploastrea",0,0,6
718748,"Dipsastraea favus","Animalia","Cnidaria","Anthozoa","Scleractinia","Merulinidae","Dipsastraea",0,0,4
291119,"Stephanocoenia intersepta","Animalia","Cnidaria","Anthozoa","Scleractinia","Astrocoeniidae","Stephanocoenia",0,0,0
101033,"Epizoanthus mediterraneus","Animalia","Cnidaria","Anthozoa","Zoantharia","Epizoanthidae","Epizoanthus",0,2,3
286861,"Tethocyathus cylindraceus","Animalia","Cnidaria","Anthozoa","Scleractinia","Caryophylliidae","Tethocyathus",0,0,0
101028,"Epizoanthus frenzeli","Animalia","Cnidaria","Anthozoa","Zoantharia","Epizoanthidae","Epizoanthus",0,1,1
101041,"Epizoanthus tergestinus","Animalia","Cnidaria","Anthozoa","Zoantharia","Epizoanthidae","Epizoanthus",0,1,1
128505,"Anthoptilum murrayi","Animalia","Cnidaria","Anthozoa","Scleralcyonacea","Anthoptilidae","Anthoptilum",11,28,12
183413,"Scleroptilum grandiflorum","Animalia","Cnidaria","Anthozoa","Scleralcyonacea","Scleroptilidae","Scleroptilum",6,20,8
125393,"Placogorgia graciosa","Animalia","Cnidaria","Anthozoa","Malacalcyonacea","Paramuriceidae","Placogorgia",26,38,40
128525,"Protoptilum carpenterii","Animalia","Cnidaria","Anthozoa","Scleralcyonacea","Protoptilidae","Protoptilum",12,74,13
128511,"Kophobelemnon macrospinosum","Animalia","Cnidaria","Anthozoa","Scleralcyonacea","Kophobelemnidae","Kophobelemnon",6,11,8
128504,"Anthoptilum grandiflorum","Animalia","Cnidaria","Anthozoa","Scleralcyonacea","Anthoptilidae","Anthoptilum",30,49,36
1565692,"Solumbellula monocephalus","Animalia","Cnidaria","Anthozoa","Scleralcyonacea","Pseudumbellulidae","Solumbellula",1,2,7
128524,"Distichoptilum gracile","Animalia","Cnidaria","Anthozoa","Scleralcyonacea","Protoptilidae","Distichoptilum",5,8,7
287364,"Alcyonium graniferum","Animalia","Cnidaria","Anthozoa","Malacalcyonacea","Alcyoniidae","Alcyonium",1,1,1
291261,"Tylopathes crispa","Animalia","Cnidaria","Anthozoa","Antipatharia","Stylopathidae","Tylopathes",0,1,1
1608730,"Callistephanus rosea","Animalia","Cnidaria","Anthozoa","Malacalcyonacea","Gorgoniidae","Callistephanus",9,32,13
128540,"Virgularia tuberculata","Animalia","Cnidaria","Anthozoa","Scleralcyonacea","Virgulariidae","Virgularia",20,31,27
101021,"Epizoanthus abyssorum","Animalia","Cnidaria","Anthozoa","Zoantharia","Epizoanthidae","Epizoanthus",0,8,9
101037,"Epizoanthus papillosus","Animalia","Cnidaria","Anthozoa","Zoantharia","Epizoanthidae","Epizoanthus",457,991,495
287961,"Cynarina lacrymalis","Animalia","Cnidaria","Anthozoa","Scleractinia","Lobophylliidae","Cynarina",0,0,4
286605,"Paragorgia regalis","Animalia","Cnidaria","Anthozoa","Scleralcyonacea","Coralliidae","Paragorgia",2,6,2
1116761,"Trachythela rudis","Animalia","Cnidaria","Anthozoa","Malacalcyonacea","Victorgorgiidae","Trachythela",3,8,3
286106,"Chrysogorgia chryseis","Animalia","Cnidaria","Anthozoa","Scleralcyonacea","Chrysogorgiidae","Chrysogorgia",2,4,4
125411,"Primnoa resedaeformis","Animalia","Cnidaria","Anthozoa","Scleralcyonacea","Primnoidae","Primnoa",33,629,57
517784,"Sibogagorgia cauliflora","Animalia","Cnidaria","Anthozoa","Scleralcyonacea","Coralliidae","Sibogagorgia",1,1,1
584787,"Balticina finmarchica","Animalia","Cnidaria","Anthozoa","Scleralcyonacea","Balticinidae","Balticina",14,18,20
724723,"Heteropolypus sol","Animalia","Cnidaria","Anthozoa","Scleralcyonacea","Coralliidae","Heteropolypus",1,1,1
883737,"Chrysogorgia tricaulis","Animalia","Cnidaria","Anthozoa","Scleralcyonacea","Chrysogorgiidae","Chrysogorgia",0,1,1
178914,"Alcyonium hibernicum","Animalia","Cnidaria","Anthozoa","Malacalcyonacea","Alcyoniidae","Alcyonium",50,259,64
815602,"Parazoanthus haddoni","Animalia","Cnidaria","Anthozoa","Zoantharia","Parazoanthidae","Parazoanthus",0,4,4
125390,"Paramuricea placomus","Animalia","Cnidaria","Anthozoa","Malacalcyonacea","Paramuriceidae","Paramuricea",39,416,66
125350,"Acanthogorgia pico","Animalia","Cnidaria","Anthozoa","Malacalcyonacea","Paramuriceidae","Acanthogorgia",0,0,0
177735,"Acanthogorgia aspera","Animalia","Cnidaria","Anthozoa","Malacalcyonacea","Paramuriceidae","Acanthogorgia",0,0,1
1338198,"Callogorgia europaea","Animalia","Cnidaria","Anthozoa","Scleralcyonacea","Primnoidae","Callogorgia",1,1,1
288828,"Zoanthus alderi","Animalia","Cnidaria","Anthozoa","Zoantharia","Zoanthidae","Zoanthus",1,7,3
1347397,"Alcyonium norvegicum","Animalia","Cnidaria","Anthozoa","Malacalcyonacea","Alcyoniidae","Alcyonium",2,2,3
135191,"Leptopsammia britannica","Animalia","Cnidaria","Anthozoa","Scleractinia","Dendrophylliidae","Leptopsammia",4,8,8
189902,"Alcyonium cydonium","Animalia","Cnidaria","Anthozoa","Malacalcyonacea","Alcyoniidae","Alcyonium",0,0,0
125344,"Telestula septentrionalis","Animalia","Cnidaria","Anthozoa","Scleralcyonacea","Sarcodictyonidae","Telestula",1,1,1
101032,"Epizoanthus macintoshi","Animalia","Cnidaria","Anthozoa","Zoantharia","Epizoanthidae","Epizoanthus",0,0,1
146535,"Balticina christii","Animalia","Cnidaria","Anthozoa","Scleralcyonacea","Balticinidae","Balticina",11,16,15
125374,"Isidella lofotensis","Animalia","Cnidaria","Anthozoa","Scleralcyonacea","Keratoisididae","Isidella",18,97,21
520680,"Clavularia borealis","Animalia","Cnidaria","Anthozoa","Malacalcyonacea","Clavulariidae","Clavularia",3,11,5
101034,"Epizoanthus norvegicus","Animalia","Cnidaria","Anthozoa","Zoantharia","Epizoanthidae","Epizoanthus",1,5,3
125382,"Muriceides kuekenthali","Animalia","Cnidaria","Anthozoa","Malacalcyonacea","Paramuriceidae","Muriceides",9,13,12
287333,"Capnella imbricata","Animalia","Cnidaria","Anthozoa","Malacalcyonacea","Capnellidae","Capnella",0,0,1
125399,"Swiftia borealis","Animalia","Cnidaria","Anthozoa","Malacalcyonacea","Plexauridae","Swiftia",3,3,3
177674,"Clavularia griegii","Animalia","Cnidaria","Anthozoa","Malacalcyonacea","Clavulariidae","Clavularia",0,0,0
101046,"Isozoanthus arborescens","Animalia","Cnidaria","Anthozoa","Zoantharia","Parazoanthidae","Isozoanthus",0,2,3
101048,"Isozoanthus dubius","Animalia","Cnidaria","Anthozoa","Zoantharia","Parazoanthidae","Isozoanthus",0,1,1
101030,"Epizoanthus koreni","Animalia","Cnidaria","Anthozoa","Zoantharia","Epizoanthidae","Epizoanthus",0,1,1
101031,"Epizoanthus lindahli","Animalia","Cnidaria","Anthozoa","Zoantharia","Epizoanthidae","Epizoanthus",0,6,13
146943,"Duva florida","Animalia","Cnidaria","Anthozoa","Malacalcyonacea","Capnellidae","Duva",14,69,37
146941,"Drifa glomerata","Animalia","Cnidaria","Anthozoa","Malacalcyonacea","Capnellidae","Drifa",19,35,25
101051,"Isozoanthus magninsulosus","Animalia","Cnidaria","Anthozoa","Zoantharia","Parazoanthidae","Isozoanthus",0,1,1
101050,"Isozoanthus islandicus","Animalia","Cnidaria","Anthozoa","Zoantharia","Parazoanthidae","Isozoanthus",0,1,1
101052,"Isozoanthus multinsulosus","Animalia","Cnidaria","Anthozoa","Zoantharia","Parazoanthidae","Isozoanthus",0,1,2
156101,"Gersemia fruticosa","Animalia","Cnidaria","Anthozoa","Malacalcyonacea","Alcyoniidae","Gersemia",5,99,23
146944,"Duva multiflora","Animalia","Cnidaria","Anthozoa","Malacalcyonacea","Capnellidae","Duva",0,2,2
101027,"Epizoanthus erdmanni","Animalia","Cnidaria","Anthozoa","Zoantharia","Epizoanthidae","Epizoanthus",0,6,5
128538,"Virgularia glacialis","Animalia","Cnidaria","Anthozoa","Scleralcyonacea","Virgulariidae","Virgularia",0,0,0
287394,"Gersemia loricata","Animalia","Cnidaria","Anthozoa","Malacalcyonacea","Alcyoniidae","Gersemia",0,0,0
101047,"Isozoanthus bulbosus","Animalia","Cnidaria","Anthozoa","Zoantharia","Parazoanthidae","Isozoanthus",0,8,7
125337,"Clavularia arctica","Animalia","Cnidaria","Anthozoa","Malacalcyonacea","Clavulariidae","Clavularia",1,1,1
1355314,"Clavularia arctica","Animalia","Cnidaria","Anthozoa","Malacalcyonacea","Clavulariidae","Clavularia",0,0,0
101029,"Epizoanthus glacialis","Animalia","Cnidaria","Anthozoa","Zoantharia","Epizoanthidae","Epizoanthus",0,2,2
290961,"Renilla koellikeri","Animalia","Cnidaria","Anthozoa","Scleralcyonacea","Renillidae","Renilla",0,0,0
101039,"Epizoanthus roseus","Animalia","Cnidaria","Anthozoa","Zoantharia","Epizoanthidae","Epizoanthus",0,1,1
128529,"Umbellula encrinus","Animalia","Cnidaria","Anthozoa","Scleralcyonacea","Umbellulidae","Umbellula",33,35,43
409525,"Fannyella (Cyathogorgia) spinosa","Animalia","Cnidaria","Anthozoa","Scleralcyonacea","Primnoidae","Fannyella",0,0,0
101049,"Isozoanthus ingolfi","Animalia","Cnidaria","Anthozoa","Zoantharia","Parazoanthidae","Isozoanthus",0,2,1
101026,"Epizoanthus danielsseni","Animalia","Cnidaria","Anthozoa","Zoantharia","Epizoanthidae","Epizoanthus",0,0,0
101024,"Epizoanthus beerenislandicus","Animalia","Cnidaria","Anthozoa","Zoantharia","Epizoanthidae","Epizoanthus",0,0,0
158274,"Gersemia clavata","Animalia","Cnidaria","Anthozoa","Malacalcyonacea","Alcyoniidae","Gersemia",0,0,0
287396,"Gersemia uvaeformis","Animalia","Cnidaria","Anthozoa","Malacalcyonacea","Alcyoniidae","Gersemia",0,0,0
286865,"Tethocyathus recurvatus","Animalia","Cnidaria","Anthozoa","Scleractinia","Caryophylliidae","Tethocyathus",0,0,0
290565,"Oxysmilia rotundifolia","Animalia","Cnidaria","Anthozoa","Scleractinia","Caryophylliidae","Oxysmilia",0,0,0
287002,"Flabellum (Flabellum) atlanticum","Animalia","Cnidaria","Anthozoa","Scleractinia","Flabellidae","Flabellum",0,1,1
289691,"Colangia immersa","Animalia","Cnidaria","Anthozoa","Scleractinia","Caryophylliidae","Colangia",0,0,0
287092,"Madrepora carolina","Animalia","Cnidaria","Anthozoa","Scleractinia","Oculinidae","Madrepora",1,1,1
286791,"Deltocyathus calcar","Animalia","Cnidaria","Anthozoa","Scleractinia","Deltocyathidae","Deltocyathus",0,0,0
290875,"Pseudodrifa racemosa","Animalia","Cnidaria","Anthozoa","Malacalcyonacea","Capnellidae","Pseudodrifa",2,4,2
286759,"Caryophyllia (Caryophyllia) polygona","Animalia","Cnidaria","Anthozoa","Scleractinia","Caryophylliidae","Caryophyllia",0,0,0
292017,"Muriceides sceptrum","Animalia","Cnidaria","Anthozoa","Malacalcyonacea","Paramuriceidae","Muriceides",40,53,39
1287694,"Tylopathes (Paratylopathes) atlantica","Animalia","Cnidaria","Anthozoa","Antipatharia","Stylopathidae","Tylopathes",1,1,1
1311264,"Hemicorallium tricolor","Animalia","Cnidaria","Anthozoa","Scleralcyonacea","Coralliidae","Hemicorallium",1,1,2
1516569,"Aphanostichopathes dissimilis","Animalia","Cnidaria","Anthozoa","Antipatharia","Aphanipathidae","Aphanostichopathes",2,6,6
286137,"Chrysogorgia pentasticha","Animalia","Cnidaria","Anthozoa","Scleralcyonacea","Chrysogorgiidae","Chrysogorgia",2,2,2
286508,"Narella allmani","Animalia","Cnidaria","Anthozoa","Scleralcyonacea","Primnoidae","Narella",1,1,1
125349,"Acanthogorgia hirsuta","Animalia","Cnidaria","Anthozoa","Malacalcyonacea","Paramuriceidae","Acanthogorgia",34,69,47
288707,"Homophyton verrucosum","Animalia","Cnidaria","Anthozoa","Scleralcyonacea","Spongiodermidae","Homophyton",0,1,1
286321,"Keratoisis palmae","Animalia","Cnidaria","Anthozoa","Scleralcyonacea","Keratoisididae","Keratoisis",5,6,5
286736,"Caryophyllia (Caryophyllia) crosnieri","Animalia","Cnidaria","Anthozoa","Scleractinia","Caryophylliidae","Caryophyllia",0,2,2
1608978,"Dacrygorgia modesta","Animalia","Cnidaria","Anthozoa","Malacalcyonacea","Pterogorgiidae","Dacrygorgia",8,13,9
287839,"Bathytelesto rigida","Animalia","Cnidaria","Anthozoa","Malacalcyonacea","Tubiporidae","Bathytelesto",1,1,1
290178,"Iciligorgia schrammi","Animalia","Cnidaria","Anthozoa","Malacalcyonacea","Melithaeidae","Iciligorgia",7,8,11
289743,"Crispatotrochus rubescens","Animalia","Cnidaria","Anthozoa","Scleractinia","Caryophylliidae","Crispatotrochus",0,2,2
286574,"Thouarella (Thouarella) variabilis","Animalia","Cnidaria","Anthozoa","Scleralcyonacea","Primnoidae","Thouarella",0,2,2
286316,"Keratoisis grandis","Animalia","Cnidaria","Anthozoa","Scleralcyonacea","Keratoisididae","Keratoisis",0,2,1
291179,"Tanacetipathes squamosa","Animalia","Cnidaria","Anthozoa","Antipatharia","Myriopathidae","Tanacetipathes",5,8,5
125339,"Clavularia marioni","Animalia","Cnidaria","Anthozoa","Malacalcyonacea","Clavulariidae","Clavularia",1,1,1
283904,"Antipathes grayi","Animalia","Cnidaria","Anthozoa","Antipatharia","Antipathidae","Antipathes",1,1,1
287366,"Alcyonium haddoni","Animalia","Cnidaria","Anthozoa","Malacalcyonacea","Alcyoniidae","Alcyonium",1,1,1
517651,"Clavularia armata","Animalia","Cnidaria","Anthozoa","Malacalcyonacea","Clavulariidae","Clavularia",1,1,1
283936,"Antipathes virgata","Animalia","Cnidaria","Anthozoa","Antipatharia","Antipathidae","Antipathes",5,8,5
1496194,"Pseudotelestula humilis","Animalia","Cnidaria","Anthozoa","Malacalcyonacea","Incrustatidae","Pseudotelestula",0,3,2
125355,"Metallogorgia melanotrichos","Animalia","Cnidaria","Anthozoa","Scleralcyonacea","Chrysogorgiidae","Metallogorgia",2,3,7
286120,"Chrysogorgia flexilis","Animalia","Cnidaria","Anthozoa","Scleralcyonacea","Chrysogorgiidae","Chrysogorgia",0,1,1
286561,"Thouarella (Euthouarella) grasshoffi","Animalia","Cnidaria","Anthozoa","Scleralcyonacea","Primnoidae","Thouarella",2,2,2
286988,"Enallopsammia pusilla","Animalia","Cnidaria","Anthozoa","Scleractinia","Dendrophylliidae","Enallopsammia",0,1,2
517664,"Clavularia elongata","Animalia","Cnidaria","Anthozoa","Malacalcyonacea","Clavulariidae","Clavularia",1,1,1
1248553,"Filigorgia riodouroi","Animalia","Cnidaria","Anthozoa","Malacalcyonacea","Pterogorgiidae","Filigorgia",0,2,6
286857,"Stephanocyathus (Stephanocyathus) platypus","Animalia","Cnidaria","Anthozoa","Scleractinia","Caryophylliidae","Stephanocyathus",0,1,1
103335,"Stichopathes richardi","Animalia","Cnidaria","Anthozoa","Antipatharia","Antipathidae","Stichopathes",2,2,2
128513,"Crassophyllum thessalonicae","Animalia","Cnidaria","Anthozoa","Scleralcyonacea","Pennatulidae","Crassophyllum",1,2,1
289792,"Dendrobrachia multispina","Animalia","Cnidaria","Anthozoa","Scleralcyonacea","Dendrobrachiidae","Dendrobrachia",0,0,1
581469,"Epizoanthus marioni","Animalia","Cnidaria","Anthozoa","Zoantharia","Epizoanthidae","Epizoanthus",0,1,2
125408,"Narella regularis","Animalia","Cnidaria","Anthozoa","Scleralcyonacea","Primnoidae","Narella",2,2,2
283975,"Stichopathes pourtalesi","Animalia","Cnidaria","Anthozoa","Antipatharia","Antipathidae","Stichopathes",0,3,3
290118,"Hicksonella expansa","Animalia","Cnidaria","Anthozoa","Malacalcyonacea","Isididae","Hicksonella",0,0,1
125407,"Narella laxa","Animalia","Cnidaria","Anthozoa","Scleralcyonacea","Primnoidae","Narella",1,1,1
289735,"Crispatotrochus cornu","Animalia","Cnidaria","Anthozoa","Scleractinia","Caryophylliidae","Crispatotrochus",0,1,1
581480,"Epizoanthus rubricornis","Animalia","Cnidaria","Anthozoa","Zoantharia","Epizoanthidae","Epizoanthus",0,0,1
287811,"Euplexaura pinnata","Animalia","Cnidaria","Anthozoa","Malacalcyonacea","Euplexauridae","Euplexaura",1,1,1
290186,"Incrustatus comauensis","Animalia","Cnidaria","Anthozoa","Malacalcyonacea","Incrustatidae","Incrustatus",1,3,3
207415,"Cyphastrea chalcidicum","Animalia","Cnidaria","Anthozoa","Scleractinia","Merulinidae","Cyphastrea",0,1,7
1379629,"Ptilella grayi","Animalia","Cnidaria","Anthozoa","Scleralcyonacea","Pennatulidae","Ptilella",1,1,4
286859,"Stephanocyathus (Acinocyathus) spiniger","Animalia","Cnidaria","Anthozoa","Scleractinia","Caryophylliidae","Stephanocyathus",0,1,1
724720,"Anthomastus gyratus","Animalia","Cnidaria","Anthozoa","Scleralcyonacea","Coralliidae","Anthomastus",1,1,2
